truth,prediction,error_abs
0.09929078014184398,0.09929078014184398,0.0
0.09929078014184398,0.09929078014184398,0.0
0.1347517730496454,0.09929078014184398,0.035460992907801414
0.09929078014184398,0.09929078014184398,0.0
0.09929078014184398,0.14893617021276595,0.049645390070921974
0.09929078014184398,0.09929078014184398,0.0
0.09929078014184398,0.3120567375886525,0.2127659574468085
0.09929078014184398,0.09929078014184398,0.0
0.09929078014184398,0.09929078014184398,0.0
0.09929078014184398,0.09929078014184398,0.0
0.09929078014184398,0.09929078014184398,0.0
0.09929078014184398,0.09929078014184398,0.0
0.09929078014184398,0.09929078014184398,0.0
0.09929078014184398,0.09929078014184398,0.0
0.09929078014184398,0.09929078014184398,0.0
0.09929078014184398,0.3191489361702128,0.2198581560283688
0.09929078014184398,0.09929078014184398,0.0
0.09929078014184398,0.14184397163120568,0.04255319148936171
0.09929078014184398,0.14893617021276595,0.049645390070921974
0.09929078014184398,0.09929078014184398,0.0
0.09929078014184398,0.09929078014184398,0.0
0.09929078014184398,0.09929078014184398,0.0
0.08510638297872342,0.09929078014184398,0.01418439716312056
0.09929078014184398,0.09929078014184398,0.0
0.09929078014184398,0.09929078014184398,0.0
0.09929078014184398,0.09929078014184398,0.0
0.09929078014184398,0.14184397163120568,0.04255319148936171
0.09929078014184398,0.09929078014184398,0.0
0.09929078014184398,0.09929078014184398,0.0
0.09929078014184398,0.09929078014184398,0.0
0.09929078014184398,0.09929078014184398,0.0
0.09929078014184398,0.09929078014184398,0.0
0.09929078014184398,0.09929078014184398,0.0
0.09929078014184398,0.09929078014184398,0.0
0.09929078014184398,0.09929078014184398,0.0
0.09929078014184398,0.09929078014184398,0.0
0.09929078014184398,0.09929078014184398,0.0
0.09929078014184398,0.09929078014184398,0.0
0.09929078014184398,0.09929078014184398,0.0
0.09929078014184398,0.09929078014184398,0.0
0.09929078014184398,0.09929078014184398,0.0
0.09929078014184398,0.09929078014184398,0.0
0.09929078014184398,0.09929078014184398,0.0
0.09929078014184398,0.09929078014184398,0.0
0.22695035460992907,0.09929078014184398,0.1276595744680851
0.09929078014184398,0.09929078014184398,0.0
0.09929078014184398,0.09929078014184398,0.0
0.09929078014184398,0.09929078014184398,0.0
0.09929078014184398,0.028368794326241148,0.07092198581560283
0.09929078014184398,0.09929078014184398,0.0
0.09929078014184398,0.09929078014184398,0.0
0.09929078014184398,0.09929078014184398,0.0
0.09929078014184398,0.09929078014184398,0.0
0.09929078014184398,0.09929078014184398,0.0
0.09929078014184398,0.09929078014184398,0.0
0.09929078014184398,0.09929078014184398,0.0
0.09929078014184398,0.09929078014184398,0.0
0.09929078014184398,0.09929078014184398,0.0
0.09929078014184398,0.09929078014184398,0.0
0.09929078014184398,0.09929078014184398,0.0
0.09929078014184398,0.09929078014184398,0.0
0.09929078014184398,0.09929078014184398,0.0
0.09929078014184398,0.09929078014184398,0.0
0.09929078014184398,0.09929078014184398,0.0
0.09929078014184398,0.09929078014184398,0.0
0.09929078014184398,0.09929078014184398,0.0
0.09929078014184398,0.09929078014184398,0.0
0.09929078014184398,0.09929078014184398,0.0
0.09929078014184398,0.09929078014184398,0.0
0.09929078014184398,0.09929078014184398,0.0
0.09929078014184398,0.09929078014184398,0.0
0.09929078014184398,0.0921985815602837,0.00709219858156028
0.09929078014184398,0.09929078014184398,0.0
0.09929078014184398,0.09929078014184398,0.0
0.09929078014184398,0.09929078014184398,0.0
0.09929078014184398,0.09929078014184398,0.0
0.09929078014184398,0.09929078014184398,0.0
0.09929078014184398,0.09929078014184398,0.0
0.09929078014184398,0.09929078014184398,0.0
0.09929078014184398,0.09929078014184398,0.0
0.09929078014184398,0.09929078014184398,0.0
0.09929078014184398,0.09929078014184398,0.0
0.09929078014184398,0.09929078014184398,0.0
0.09929078014184398,0.09929078014184398,0.0
0.09929078014184398,0.09929078014184398,0.0
0.09929078014184398,0.19858156028368795,0.09929078014184398
0.09929078014184398,0.14184397163120568,0.04255319148936171
0.09929078014184398,0.0921985815602837,0.00709219858156028
0.09929078014184398,0.09929078014184398,0.0
0.09929078014184398,0.09929078014184398,0.0
0.09929078014184398,0.09929078014184398,0.0
0.09929078014184398,0.09929078014184398,0.0
0.09929078014184398,0.09929078014184398,0.0
0.12765957446808512,0.14184397163120568,0.01418439716312056
0.09929078014184398,0.09929078014184398,0.0
0.09929078014184398,0.09929078014184398,0.0
0.09929078014184398,0.09929078014184398,0.0
0.09929078014184398,0.09929078014184398,0.0
0.09929078014184398,0.09929078014184398,0.0
0.09929078014184398,0.09929078014184398,0.0
0.09929078014184398,0.1347517730496454,0.035460992907801414
0.09929078014184398,0.09929078014184398,0.0
0.09929078014184398,0.09929078014184398,0.0
0.09929078014184398,0.09929078014184398,0.0
0.09929078014184398,0.09929078014184398,0.0
0.09929078014184398,0.09929078014184398,0.0
0.09929078014184398,0.09929078014184398,0.0
0.09929078014184398,0.09929078014184398,0.0
0.09929078014184398,0.09929078014184398,0.0
0.07801418439716312,0.09929078014184398,0.021276595744680854
0.09929078014184398,0.09929078014184398,0.0
0.09929078014184398,0.09929078014184398,0.0
0.09929078014184398,0.09929078014184398,0.0
0.09929078014184398,0.09929078014184398,0.0
0.09929078014184398,0.09929078014184398,0.0
0.09929078014184398,0.09929078014184398,0.0
0.09929078014184398,0.09929078014184398,0.0
0.09929078014184398,0.09929078014184398,0.0
0.09929078014184398,0.09929078014184398,0.0
0.09929078014184398,0.09929078014184398,0.0
0.3120567375886525,0.09929078014184398,0.2127659574468085
0.09929078014184398,0.09929078014184398,0.0
0.09929078014184398,0.09929078014184398,0.0
0.09929078014184398,0.09929078014184398,0.0
0.09929078014184398,0.09929078014184398,0.0
0.09929078014184398,0.09929078014184398,0.0
0.09929078014184398,0.09929078014184398,0.0
0.09929078014184398,0.09929078014184398,0.0
0.09929078014184398,0.09929078014184398,0.0
0.09929078014184398,0.09929078014184398,0.0
0.09929078014184398,0.09929078014184398,0.0
0.09929078014184398,0.09929078014184398,0.0
0.10638297872340426,0.09929078014184398,0.00709219858156028
0.09929078014184398,0.09929078014184398,0.0
0.09929078014184398,0.09929078014184398,0.0
0.14893617021276595,0.1347517730496454,0.01418439716312056
0.09929078014184398,0.09929078014184398,0.0
0.09929078014184398,0.09929078014184398,0.0
0.09929078014184398,0.09929078014184398,0.0
0.10638297872340426,0.09929078014184398,0.00709219858156028
0.09929078014184398,0.09929078014184398,0.0
0.09929078014184398,0.09929078014184398,0.0
0.09929078014184398,0.09929078014184398,0.0
0.09929078014184398,0.09929078014184398,0.0
0.09929078014184398,0.12765957446808512,0.028368794326241148
0.09929078014184398,0.20567375886524825,0.10638297872340427
0.09929078014184398,0.09929078014184398,0.0
0.09929078014184398,0.09929078014184398,0.0
0.12056737588652483,0.09929078014184398,0.021276595744680854
0.09929078014184398,0.09929078014184398,0.0
0.19148936170212766,0.09929078014184398,0.09219858156028368
0.09929078014184398,0.09929078014184398,0.0
0.09929078014184398,0.09929078014184398,0.0
0.09929078014184398,0.09929078014184398,0.0
0.09929078014184398,0.12765957446808512,0.028368794326241148
0.09929078014184398,0.2907801418439716,0.19148936170212763
0.09929078014184398,0.09929078014184398,0.0
0.09929078014184398,0.09929078014184398,0.0
0.09929078014184398,0.09929078014184398,0.0
0.09929078014184398,0.09929078014184398,0.0
0.09929078014184398,0.09929078014184398,0.0
0.09929078014184398,0.09929078014184398,0.0
0.09929078014184398,0.09929078014184398,0.0
0.09929078014184398,0.09929078014184398,0.0
0.09929078014184398,0.09929078014184398,0.0
0.09929078014184398,0.04255319148936171,0.05673758865248227
0.09929078014184398,0.09929078014184398,0.0
0.09929078014184398,0.09929078014184398,0.0
0.09929078014184398,0.2978723404255319,0.19858156028368792
0.09929078014184398,0.09929078014184398,0.0
0.09929078014184398,0.09929078014184398,0.0
0.09929078014184398,0.09929078014184398,0.0
0.09929078014184398,0.09929078014184398,0.0
0.09929078014184398,0.09929078014184398,0.0
0.09929078014184398,0.09929078014184398,0.0
0.09929078014184398,0.09929078014184398,0.0
0.09929078014184398,0.0921985815602837,0.00709219858156028
0.09929078014184398,0.09929078014184398,0.0
0.09929078014184398,0.09929078014184398,0.0
0.09929078014184398,0.09929078014184398,0.0
0.09929078014184398,0.09929078014184398,0.0
0.09929078014184398,0.09929078014184398,0.0
0.09929078014184398,0.09929078014184398,0.0
0.09929078014184398,0.09929078014184398,0.0
0.09929078014184398,0.09929078014184398,0.0
0.09929078014184398,0.09929078014184398,0.0
0.09929078014184398,0.09929078014184398,0.0
0.09929078014184398,0.09929078014184398,0.0
0.09929078014184398,0.09929078014184398,0.0
0.09929078014184398,0.09929078014184398,0.0
0.14184397163120568,0.09929078014184398,0.04255319148936171
0.09929078014184398,0.09929078014184398,0.0
0.09929078014184398,0.09929078014184398,0.0
0.09929078014184398,0.09929078014184398,0.0
0.09929078014184398,0.09929078014184398,0.0
0.09929078014184398,0.09929078014184398,0.0
0.09929078014184398,0.09929078014184398,0.0
0.09929078014184398,0.09929078014184398,0.0
0.09929078014184398,0.09929078014184398,0.0
0.15602836879432624,0.09929078014184398,0.05673758865248227
0.09929078014184398,0.09929078014184398,0.0
0.12765957446808512,0.09929078014184398,0.028368794326241148
0.09929078014184398,0.09929078014184398,0.0
0.09929078014184398,0.09929078014184398,0.0
0.09929078014184398,0.09929078014184398,0.0
0.09929078014184398,0.09929078014184398,0.0
0.09929078014184398,0.09929078014184398,0.0
0.09929078014184398,0.09929078014184398,0.0
0.09929078014184398,0.14893617021276595,0.049645390070921974
0.09929078014184398,0.09929078014184398,0.0
0.09929078014184398,0.09929078014184398,0.0
0.09929078014184398,0.09929078014184398,0.0
0.09929078014184398,0.09929078014184398,0.0
0.09929078014184398,0.09929078014184398,0.0
0.09929078014184398,0.09929078014184398,0.0
0.09929078014184398,0.09929078014184398,0.0
0.09929078014184398,0.09929078014184398,0.0
0.09929078014184398,0.09929078014184398,0.0
0.09929078014184398,0.09929078014184398,0.0
0.09929078014184398,0.09929078014184398,0.0
0.09929078014184398,0.09929078014184398,0.0
0.09929078014184398,0.09929078014184398,0.0
0.09929078014184398,0.09929078014184398,0.0
0.09929078014184398,0.10638297872340426,0.00709219858156028
0.09929078014184398,0.09929078014184398,0.0
0.09929078014184398,0.09929078014184398,0.0
0.09929078014184398,0.09929078014184398,0.0
0.09929078014184398,0.09929078014184398,0.0
0.09929078014184398,0.09929078014184398,0.0
0.09929078014184398,0.09929078014184398,0.0
0.09929078014184398,0.09929078014184398,0.0
0.09929078014184398,0.09929078014184398,0.0
0.09929078014184398,0.09929078014184398,0.0
0.09929078014184398,0.09929078014184398,0.0
0.09929078014184398,0.12056737588652483,0.021276595744680854
0.09929078014184398,0.09929078014184398,0.0
0.09929078014184398,0.09929078014184398,0.0
0.09929078014184398,0.09929078014184398,0.0
0.09929078014184398,0.09929078014184398,0.0
0.09929078014184398,0.09929078014184398,0.0
0.09929078014184398,0.09929078014184398,0.0
0.09929078014184398,0.09929078014184398,0.0
0.09929078014184398,0.09929078014184398,0.0
0.09929078014184398,0.09929078014184398,0.0
0.09929078014184398,0.09929078014184398,0.0
0.09929078014184398,0.09929078014184398,0.0
0.09929078014184398,0.09929078014184398,0.0
0.09929078014184398,0.09929078014184398,0.0
0.09929078014184398,0.09929078014184398,0.0
0.16312056737588654,0.09929078014184398,0.06382978723404256
0.09929078014184398,0.09929078014184398,0.0
0.09929078014184398,0.09929078014184398,0.0
0.09929078014184398,0.09929078014184398,0.0
0.09929078014184398,0.09929078014184398,0.0
0.09929078014184398,0.09929078014184398,0.0
0.09929078014184398,0.09929078014184398,0.0
0.09929078014184398,0.09929078014184398,0.0
0.09929078014184398,0.09929078014184398,0.0
0.09929078014184398,0.09929078014184398,0.0
0.09929078014184398,0.09929078014184398,0.0
0.09929078014184398,0.09929078014184398,0.0
0.09929078014184398,0.09929078014184398,0.0
0.09929078014184398,0.09929078014184398,0.0
0.09929078014184398,0.09929078014184398,0.0
0.09929078014184398,0.09929078014184398,0.0
0.09929078014184398,0.09929078014184398,0.0
0.09929078014184398,0.09929078014184398,0.0
0.09929078014184398,0.09929078014184398,0.0
0.09929078014184398,0.09929078014184398,0.0
0.09929078014184398,0.09929078014184398,0.0
0.09929078014184398,0.09929078014184398,0.0
0.09929078014184398,0.09929078014184398,0.0
0.09929078014184398,0.09929078014184398,0.0
0.09929078014184398,0.09929078014184398,0.0
0.09929078014184398,0.09929078014184398,0.0
0.09929078014184398,0.09929078014184398,0.0
0.09929078014184398,0.09929078014184398,0.0
0.09929078014184398,0.09929078014184398,0.0
0.09929078014184398,0.09929078014184398,0.0
0.09929078014184398,0.09929078014184398,0.0
0.09929078014184398,0.12765957446808512,0.028368794326241148
0.09929078014184398,0.09929078014184398,0.0
0.09929078014184398,0.09929078014184398,0.0
0.09929078014184398,0.09929078014184398,0.0
0.09929078014184398,0.09929078014184398,0.0
0.09929078014184398,0.09929078014184398,0.0
0.09929078014184398,0.19148936170212766,0.09219858156028368
0.09929078014184398,0.09929078014184398,0.0
0.09929078014184398,0.1773049645390071,0.07801418439716312
0.09929078014184398,0.09929078014184398,0.0
0.09929078014184398,0.08510638297872342,0.01418439716312056
0.09929078014184398,0.09929078014184398,0.0
0.09929078014184398,0.09929078014184398,0.0
0.09929078014184398,0.09929078014184398,0.0
0.09929078014184398,0.09929078014184398,0.0
0.09929078014184398,0.09929078014184398,0.0
0.09929078014184398,0.09929078014184398,0.0
0.09929078014184398,0.12056737588652483,0.021276595744680854
0.09929078014184398,0.09929078014184398,0.0
0.09929078014184398,0.09929078014184398,0.0
0.09929078014184398,0.09929078014184398,0.0
0.09929078014184398,0.09929078014184398,0.0
0.09929078014184398,0.09929078014184398,0.0
0.09929078014184398,0.09929078014184398,0.0
0.09929078014184398,0.09929078014184398,0.0
0.09929078014184398,0.09929078014184398,0.0
0.09929078014184398,0.09929078014184398,0.0
0.09929078014184398,0.09929078014184398,0.0
0.09929078014184398,0.09929078014184398,0.0
0.09929078014184398,0.09929078014184398,0.0
0.09929078014184398,0.09929078014184398,0.0
0.09929078014184398,0.09929078014184398,0.0
0.09929078014184398,0.09929078014184398,0.0
0.09929078014184398,0.09929078014184398,0.0
0.09929078014184398,0.09929078014184398,0.0
0.09929078014184398,0.09929078014184398,0.0
0.09929078014184398,0.09929078014184398,0.0
0.09929078014184398,0.09929078014184398,0.0
0.09929078014184398,0.09929078014184398,0.0
0.09929078014184398,0.09929078014184398,0.0
0.09929078014184398,0.09929078014184398,0.0
0.09929078014184398,0.09929078014184398,0.0
0.09929078014184398,0.09929078014184398,0.0
0.09929078014184398,0.09929078014184398,0.0
0.09929078014184398,0.09929078014184398,0.0
0.09929078014184398,0.09929078014184398,0.0
0.09929078014184398,0.09929078014184398,0.0
0.09929078014184398,0.09929078014184398,0.0
0.09929078014184398,0.09929078014184398,0.0
0.09929078014184398,0.09929078014184398,0.0
0.09929078014184398,0.09929078014184398,0.0
0.09929078014184398,0.09929078014184398,0.0
0.09929078014184398,0.09929078014184398,0.0
0.09929078014184398,0.09929078014184398,0.0
0.09929078014184398,0.09929078014184398,0.0
0.09929078014184398,0.09929078014184398,0.0
0.14184397163120568,0.09929078014184398,0.04255319148936171
0.0921985815602837,0.09929078014184398,0.00709219858156028
0.09929078014184398,0.09929078014184398,0.0
0.16312056737588654,0.09929078014184398,0.06382978723404256
0.09929078014184398,0.09929078014184398,0.0
0.09929078014184398,0.09929078014184398,0.0
0.09929078014184398,0.09929078014184398,0.0
0.09929078014184398,0.09929078014184398,0.0
0.09929078014184398,0.09929078014184398,0.0
0.09929078014184398,0.04255319148936171,0.05673758865248227
0.09929078014184398,0.09929078014184398,0.0
0.09929078014184398,0.09929078014184398,0.0
0.09929078014184398,0.2978723404255319,0.19858156028368792
0.09929078014184398,0.09929078014184398,0.0
0.12056737588652483,0.09929078014184398,0.021276595744680854
0.09929078014184398,0.09929078014184398,0.0
0.09929078014184398,0.09929078014184398,0.0
0.09929078014184398,0.09929078014184398,0.0
0.09929078014184398,0.09929078014184398,0.0
0.09929078014184398,0.09929078014184398,0.0
0.1347517730496454,0.09929078014184398,0.035460992907801414
0.09929078014184398,0.09929078014184398,0.0
0.09929078014184398,0.09929078014184398,0.0
0.09929078014184398,0.2127659574468085,0.11347517730496454
0.09929078014184398,0.09929078014184398,0.0
0.09929078014184398,0.09929078014184398,0.0
0.09929078014184398,0.09929078014184398,0.0
0.09929078014184398,0.09929078014184398,0.0
0.09929078014184398,0.09929078014184398,0.0
0.09929078014184398,0.04964539007092199,0.04964539007092199
0.10638297872340426,0.09929078014184398,0.00709219858156028
0.09929078014184398,0.09929078014184398,0.0
0.09929078014184398,0.09929078014184398,0.0
0.09929078014184398,0.12765957446808512,0.028368794326241148
0.09929078014184398,0.09929078014184398,0.0
0.09929078014184398,0.09929078014184398,0.0
0.09929078014184398,0.09929078014184398,0.0
0.09929078014184398,0.09929078014184398,0.0
0.09929078014184398,0.09929078014184398,0.0
0.09929078014184398,0.09929078014184398,0.0
0.09929078014184398,0.09929078014184398,0.0
0.09929078014184398,0.09929078014184398,0.0
0.09929078014184398,0.09929078014184398,0.0
0.09929078014184398,0.09929078014184398,0.0
0.09929078014184398,0.09929078014184398,0.0
0.09929078014184398,0.09929078014184398,0.0
0.09929078014184398,0.09929078014184398,0.0
0.09929078014184398,0.09929078014184398,0.0
0.09929078014184398,0.09929078014184398,0.0
0.09929078014184398,0.09929078014184398,0.0
0.09929078014184398,0.09929078014184398,0.0
0.09929078014184398,0.09929078014184398,0.0
0.09929078014184398,0.09929078014184398,0.0
0.09929078014184398,0.09929078014184398,0.0
0.09929078014184398,0.09929078014184398,0.0
0.09929078014184398,0.09929078014184398,0.0
0.09929078014184398,0.09929078014184398,0.0
0.09929078014184398,0.0921985815602837,0.00709219858156028
0.09929078014184398,0.09929078014184398,0.0
0.09929078014184398,0.09929078014184398,0.0
0.09929078014184398,0.09929078014184398,0.0
0.09929078014184398,0.14893617021276595,0.049645390070921974
0.09929078014184398,0.09929078014184398,0.0
0.09929078014184398,0.09929078014184398,0.0
0.09929078014184398,0.09929078014184398,0.0
0.09929078014184398,0.09929078014184398,0.0
0.09929078014184398,0.09929078014184398,0.0
0.09929078014184398,0.09929078014184398,0.0
0.09929078014184398,0.09929078014184398,0.0
0.09929078014184398,0.09929078014184398,0.0
0.09929078014184398,0.09929078014184398,0.0
0.09929078014184398,0.09929078014184398,0.0
0.09929078014184398,0.09929078014184398,0.0
0.09929078014184398,0.09929078014184398,0.0
0.09929078014184398,0.09929078014184398,0.0
0.09929078014184398,0.09929078014184398,0.0
0.09929078014184398,0.09929078014184398,0.0
0.09929078014184398,0.09929078014184398,0.0
0.09929078014184398,0.09929078014184398,0.0
0.09929078014184398,0.09929078014184398,0.0
0.09929078014184398,0.09929078014184398,0.0
0.09929078014184398,0.09929078014184398,0.0
0.09929078014184398,0.09929078014184398,0.0
0.09929078014184398,0.09929078014184398,0.0
0.09929078014184398,0.09929078014184398,0.0
0.09929078014184398,0.09929078014184398,0.0
0.09929078014184398,0.09929078014184398,0.0
0.09929078014184398,0.10638297872340426,0.00709219858156028
0.09929078014184398,0.09929078014184398,0.0
0.09929078014184398,0.09929078014184398,0.0
0.09929078014184398,0.09929078014184398,0.0
0.09929078014184398,0.09929078014184398,0.0
0.09929078014184398,0.09929078014184398,0.0
0.09929078014184398,0.09929078014184398,0.0
0.09929078014184398,0.09929078014184398,0.0
0.09929078014184398,0.09929078014184398,0.0
0.09929078014184398,0.09929078014184398,0.0
0.09929078014184398,0.09929078014184398,0.0
0.09929078014184398,0.09929078014184398,0.0
0.09929078014184398,0.09929078014184398,0.0
0.09929078014184398,0.09929078014184398,0.0
0.09929078014184398,0.09929078014184398,0.0
0.09929078014184398,0.09929078014184398,0.0
0.09929078014184398,0.09929078014184398,0.0
0.16312056737588654,0.09929078014184398,0.06382978723404256
0.09929078014184398,0.09929078014184398,0.0
0.09929078014184398,0.09929078014184398,0.0
0.1702127659574468,0.09929078014184398,0.07092198581560283
0.09929078014184398,0.09929078014184398,0.0
0.09929078014184398,0.09929078014184398,0.0
0.09929078014184398,0.09929078014184398,0.0
0.09929078014184398,0.09929078014184398,0.0
0.0921985815602837,0.09929078014184398,0.00709219858156028
0.09929078014184398,0.09929078014184398,0.0
0.09929078014184398,0.09929078014184398,0.0
0.0921985815602837,0.09929078014184398,0.00709219858156028
0.09929078014184398,0.09929078014184398,0.0
0.09929078014184398,0.09929078014184398,0.0
0.18439716312056736,0.09929078014184398,0.08510638297872339
0.09929078014184398,0.09929078014184398,0.0
0.09929078014184398,0.09929078014184398,0.0
0.09929078014184398,0.09929078014184398,0.0
0.09929078014184398,0.09929078014184398,0.0
0.056737588652482275,0.09929078014184398,0.0425531914893617
0.12765957446808512,0.09929078014184398,0.028368794326241148
0.09929078014184398,0.09929078014184398,0.0
0.09929078014184398,0.09929078014184398,0.0
0.09929078014184398,0.09929078014184398,0.0
0.0921985815602837,0.09929078014184398,0.00709219858156028
0.09929078014184398,0.09929078014184398,0.0
0.09929078014184398,0.09929078014184398,0.0
0.16312056737588654,0.09929078014184398,0.06382978723404256
0.1347517730496454,0.09929078014184398,0.035460992907801414
0.09929078014184398,0.09929078014184398,0.0
0.14893617021276595,0.09929078014184398,0.049645390070921974
0.12056737588652483,0.09929078014184398,0.021276595744680854
0.04255319148936171,0.09929078014184398,0.05673758865248227
0.09929078014184398,0.09929078014184398,0.0
0.09929078014184398,0.09929078014184398,0.0
0.09929078014184398,0.0921985815602837,0.00709219858156028
0.09929078014184398,0.09929078014184398,0.0
0.09929078014184398,0.09929078014184398,0.0
0.09929078014184398,0.09929078014184398,0.0
0.09929078014184398,0.09929078014184398,0.0
0.09929078014184398,0.09929078014184398,0.0
0.09929078014184398,0.09929078014184398,0.0
0.09929078014184398,0.09929078014184398,0.0
0.09929078014184398,0.09929078014184398,0.0
0.09929078014184398,0.09929078014184398,0.0
0.09929078014184398,0.09929078014184398,0.0
0.09929078014184398,0.09929078014184398,0.0
0.09929078014184398,0.09929078014184398,0.0
0.09929078014184398,0.09929078014184398,0.0
0.09929078014184398,0.09929078014184398,0.0
0.09929078014184398,0.09929078014184398,0.0
0.09929078014184398,0.09929078014184398,0.0
0.09929078014184398,0.09929078014184398,0.0
0.09929078014184398,0.09929078014184398,0.0
0.09929078014184398,0.09929078014184398,0.0
0.09929078014184398,0.09929078014184398,0.0
0.25531914893617025,0.09929078014184398,0.15602836879432627
0.09929078014184398,0.09929078014184398,0.0
0.09929078014184398,0.09929078014184398,0.0
0.09929078014184398,0.16312056737588654,0.06382978723404256
0.11347517730496454,0.09929078014184398,0.01418439716312056
0.14893617021276595,0.09929078014184398,0.049645390070921974
0.14184397163120568,0.09929078014184398,0.04255319148936171
0.14893617021276595,0.09929078014184398,0.049645390070921974
0.09929078014184398,0.09929078014184398,0.0
0.09929078014184398,0.09929078014184398,0.0
0.09929078014184398,0.09929078014184398,0.0
0.09929078014184398,0.09929078014184398,0.0
0.09929078014184398,0.09929078014184398,0.0
0.03546099290780143,0.09929078014184398,0.06382978723404255
0.09929078014184398,0.09929078014184398,0.0
0.09929078014184398,0.09929078014184398,0.0
0.09929078014184398,0.09929078014184398,0.0
0.09929078014184398,0.09929078014184398,0.0
0.09929078014184398,0.09929078014184398,0.0
0.09929078014184398,0.09929078014184398,0.0
0.09929078014184398,0.09929078014184398,0.0
0.09929078014184398,0.10638297872340426,0.00709219858156028
0.09929078014184398,0.09929078014184398,0.0
0.1702127659574468,0.2907801418439716,0.1205673758865248
0.09929078014184398,0.09929078014184398,0.0
0.09929078014184398,0.09929078014184398,0.0
0.09929078014184398,0.09929078014184398,0.0
0.09929078014184398,0.09929078014184398,0.0
0.09929078014184398,0.09929078014184398,0.0
0.09929078014184398,0.09929078014184398,0.0
0.09929078014184398,0.09929078014184398,0.0
0.09929078014184398,0.09929078014184398,0.0
0.09929078014184398,0.09929078014184398,0.0
0.09929078014184398,0.09929078014184398,0.0
0.09929078014184398,0.09929078014184398,0.0
0.09929078014184398,0.09929078014184398,0.0
0.09929078014184398,0.09929078014184398,0.0
0.1347517730496454,0.09929078014184398,0.035460992907801414
0.09929078014184398,0.09929078014184398,0.0
0.09929078014184398,0.09929078014184398,0.0
0.07801418439716312,0.21985815602836878,0.14184397163120566
0.08510638297872342,0.09929078014184398,0.01418439716312056
0.09929078014184398,0.09929078014184398,0.0
0.09929078014184398,0.09929078014184398,0.0
0.09929078014184398,0.09929078014184398,0.0
0.09929078014184398,0.09929078014184398,0.0
0.09929078014184398,0.09929078014184398,0.0
0.09929078014184398,0.09929078014184398,0.0
0.09929078014184398,0.09929078014184398,0.0
0.14184397163120568,0.09929078014184398,0.04255319148936171
0.09929078014184398,0.3120567375886525,0.2127659574468085
0.09929078014184398,0.09929078014184398,0.0
0.09929078014184398,0.09929078014184398,0.0
0.09929078014184398,0.09929078014184398,0.0
0.09929078014184398,0.021276595744680854,0.07801418439716312
0.09929078014184398,0.09929078014184398,0.0
0.09929078014184398,0.09929078014184398,0.0
0.09929078014184398,0.09929078014184398,0.0
0.09929078014184398,0.09929078014184398,0.0
0.09929078014184398,0.09929078014184398,0.0
0.09929078014184398,0.09929078014184398,0.0
0.09929078014184398,0.09929078014184398,0.0
0.1347517730496454,0.09929078014184398,0.035460992907801414
0.09929078014184398,0.09929078014184398,0.0
0.09929078014184398,0.09929078014184398,0.0
0.09929078014184398,0.09929078014184398,0.0
0.09929078014184398,0.09929078014184398,0.0
0.09929078014184398,0.09929078014184398,0.0
0.09929078014184398,0.09929078014184398,0.0
0.20567375886524825,0.09929078014184398,0.10638297872340427
0.09929078014184398,0.14184397163120568,0.04255319148936171
0.09929078014184398,0.16312056737588654,0.06382978723404256
0.09929078014184398,0.09929078014184398,0.0
0.09929078014184398,0.09929078014184398,0.0
0.09929078014184398,0.09929078014184398,0.0
0.09929078014184398,0.12765957446808512,0.028368794326241148
0.09929078014184398,0.09929078014184398,0.0
0.09929078014184398,0.09929078014184398,0.0
0.09929078014184398,0.09929078014184398,0.0
0.09929078014184398,0.14893617021276595,0.049645390070921974
0.09929078014184398,0.09929078014184398,0.0
0.09929078014184398,0.09929078014184398,0.0
0.09929078014184398,0.09929078014184398,0.0
0.09929078014184398,0.09929078014184398,0.0
0.09929078014184398,0.09929078014184398,0.0
0.09929078014184398,0.09929078014184398,0.0
0.09929078014184398,0.09929078014184398,0.0
0.09929078014184398,0.09929078014184398,0.0
0.09929078014184398,0.09929078014184398,0.0
0.09929078014184398,0.09929078014184398,0.0
0.09929078014184398,0.09929078014184398,0.0
0.09929078014184398,0.09929078014184398,0.0
0.09929078014184398,0.12056737588652483,0.021276595744680854
0.09929078014184398,0.09929078014184398,0.0
0.09929078014184398,0.09929078014184398,0.0
0.09929078014184398,0.1773049645390071,0.07801418439716312
0.09929078014184398,0.0921985815602837,0.00709219858156028
0.09929078014184398,0.09929078014184398,0.0
0.09929078014184398,0.09929078014184398,0.0
0.09929078014184398,0.09929078014184398,0.0
0.09929078014184398,0.09929078014184398,0.0
0.09929078014184398,0.09929078014184398,0.0
0.09929078014184398,0.09929078014184398,0.0
0.09929078014184398,0.09929078014184398,0.0
0.09929078014184398,0.09929078014184398,0.0
0.09929078014184398,0.09929078014184398,0.0
0.09929078014184398,0.09929078014184398,0.0
0.09929078014184398,0.09929078014184398,0.0
0.09929078014184398,0.09929078014184398,0.0
0.09929078014184398,0.09929078014184398,0.0
0.09929078014184398,0.09929078014184398,0.0
0.09929078014184398,0.09929078014184398,0.0
0.09929078014184398,0.09929078014184398,0.0
0.09929078014184398,0.09929078014184398,0.0
0.09929078014184398,0.09929078014184398,0.0
0.09929078014184398,0.09929078014184398,0.0
0.09929078014184398,0.09929078014184398,0.0
0.09929078014184398,0.09929078014184398,0.0
0.09929078014184398,0.14893617021276595,0.049645390070921974
0.09929078014184398,0.09929078014184398,0.0
0.09929078014184398,0.09929078014184398,0.0
0.09929078014184398,0.3191489361702128,0.2198581560283688
0.09929078014184398,0.09929078014184398,0.0
0.09929078014184398,0.09929078014184398,0.0
0.09929078014184398,0.09929078014184398,0.0
0.09929078014184398,0.09929078014184398,0.0
0.09929078014184398,0.09929078014184398,0.0
0.09929078014184398,0.09929078014184398,0.0
0.09929078014184398,0.09929078014184398,0.0
0.09929078014184398,0.09929078014184398,0.0
0.09929078014184398,0.09929078014184398,0.0
0.09929078014184398,0.09929078014184398,0.0
0.09929078014184398,0.12765957446808512,0.028368794326241148
0.09929078014184398,0.14184397163120568,0.04255319148936171
0.09929078014184398,0.09929078014184398,0.0
0.09929078014184398,0.09929078014184398,0.0
0.09929078014184398,0.09929078014184398,0.0
0.04255319148936171,0.09929078014184398,0.05673758865248227
0.09929078014184398,0.09929078014184398,0.0
0.15602836879432624,0.09929078014184398,0.05673758865248227
0.12056737588652483,0.07092198581560284,0.04964539007092199
0.1702127659574468,0.09929078014184398,0.07092198581560283
0.2127659574468085,0.09929078014184398,0.11347517730496454
0.14893617021276595,0.09929078014184398,0.049645390070921974
0.1702127659574468,0.09929078014184398,0.07092198581560283
0.1773049645390071,0.09929078014184398,0.07801418439716312
0.2907801418439716,0.09929078014184398,0.19148936170212763
0.42553191489361697,0.09929078014184398,0.32624113475177297
0.15602836879432624,0.09929078014184398,0.05673758865248227
0.10638297872340426,0.09929078014184398,0.00709219858156028
0.21985815602836878,0.09929078014184398,0.1205673758865248
0.3829787234042553,0.09929078014184398,0.2836879432624113
0.09929078014184398,0.09929078014184398,0.0
0.24113475177304963,0.09929078014184398,0.14184397163120566
0.25531914893617025,0.09929078014184398,0.15602836879432627
0.24822695035460993,0.09929078014184398,0.14893617021276595
0.24822695035460993,0.09929078014184398,0.14893617021276595
0.5673758865248227,0.09929078014184398,0.46808510638297873
0.22695035460992907,0.09929078014184398,0.1276595744680851
0.2127659574468085,0.09929078014184398,0.11347517730496454
0.5460992907801419,0.09929078014184398,0.44680851063829785
0.19858156028368795,0.09929078014184398,0.09929078014184398
0.3829787234042553,0.09929078014184398,0.2836879432624113
0.3262411347517731,0.09929078014184398,0.2269503546099291
0.11347517730496454,0.09929078014184398,0.01418439716312056
0.14184397163120568,0.09929078014184398,0.04255319148936171
0.25531914893617025,0.09929078014184398,0.15602836879432627
0.056737588652482275,0.09929078014184398,0.0425531914893617
0.2836879432624113,0.09929078014184398,0.18439716312056734
0.11347517730496454,0.09929078014184398,0.01418439716312056
0.1702127659574468,0.09929078014184398,0.07092198581560283
0.10638297872340426,0.09929078014184398,0.00709219858156028
0.1702127659574468,0.09929078014184398,0.07092198581560283
0.15602836879432624,0.09929078014184398,0.05673758865248227
0.1702127659574468,0.09929078014184398,0.07092198581560283
0.2907801418439716,0.09929078014184398,0.19148936170212763
0.19148936170212766,0.09929078014184398,0.09219858156028368
0.2836879432624113,0.09929078014184398,0.18439716312056734
0.11347517730496454,0.09929078014184398,0.01418439716312056
0.15602836879432624,0.09929078014184398,0.05673758865248227
0.19858156028368795,0.09929078014184398,0.09929078014184398
0.2907801418439716,0.09929078014184398,0.19148936170212763
0.2907801418439716,0.09929078014184398,0.19148936170212763
0.11347517730496454,0.09929078014184398,0.01418439716312056
0.21985815602836878,0.09929078014184398,0.1205673758865248
0.15602836879432624,0.09929078014184398,0.05673758865248227
0.14184397163120568,0.09929078014184398,0.04255319148936171
0.2695035460992908,0.09929078014184398,0.1702127659574468
0.09929078014184398,0.09929078014184398,0.0
0.09929078014184398,0.09929078014184398,0.0
0.09929078014184398,0.09929078014184398,0.0
0.09929078014184398,0.09929078014184398,0.0
0.09929078014184398,0.09929078014184398,0.0
0.09929078014184398,0.09929078014184398,0.0
0.09929078014184398,0.09929078014184398,0.0
0.2907801418439716,0.1347517730496454,0.15602836879432622
0.09929078014184398,0.09929078014184398,0.0
0.09929078014184398,0.09929078014184398,0.0
0.14893617021276595,0.09929078014184398,0.049645390070921974
0.09929078014184398,0.09929078014184398,0.0
0.09929078014184398,0.09929078014184398,0.0
0.1347517730496454,0.09929078014184398,0.035460992907801414
0.09929078014184398,0.09929078014184398,0.0
0.09929078014184398,0.09929078014184398,0.0
0.15602836879432624,0.09929078014184398,0.05673758865248227
0.09929078014184398,0.09929078014184398,0.0
0.09929078014184398,0.09929078014184398,0.0
0.09929078014184398,0.09929078014184398,0.0
0.09929078014184398,0.09929078014184398,0.0
0.09929078014184398,0.09929078014184398,0.0
0.09929078014184398,0.09929078014184398,0.0
0.09929078014184398,0.20567375886524825,0.10638297872340427
0.4042553191489362,0.09929078014184398,0.3049645390070922
0.09929078014184398,0.19858156028368795,0.09929078014184398
0.09929078014184398,0.09929078014184398,0.0
0.09929078014184398,0.09929078014184398,0.0
0.18439716312056736,0.09929078014184398,0.08510638297872339
0.09929078014184398,0.09929078014184398,0.0
0.1347517730496454,0.09929078014184398,0.035460992907801414
0.09929078014184398,0.2127659574468085,0.11347517730496454
0.1347517730496454,0.09929078014184398,0.035460992907801414
0.09929078014184398,0.09929078014184398,0.0
0.09929078014184398,0.09929078014184398,0.0
0.10638297872340426,0.09929078014184398,0.00709219858156028
0.19148936170212766,0.09929078014184398,0.09219858156028368
0.09929078014184398,0.09929078014184398,0.0
0.09929078014184398,0.09929078014184398,0.0
0.2695035460992908,0.09929078014184398,0.1702127659574468
0.1347517730496454,0.09929078014184398,0.035460992907801414
0.20567375886524825,0.09929078014184398,0.10638297872340427
0.16312056737588654,0.09929078014184398,0.06382978723404256
0.12056737588652483,0.09929078014184398,0.021276595744680854
0.09929078014184398,0.09929078014184398,0.0
0.09929078014184398,0.09929078014184398,0.0
0.09929078014184398,0.09929078014184398,0.0
0.14184397163120568,0.09929078014184398,0.04255319148936171
0.19858156028368795,0.09929078014184398,0.09929078014184398
0.11347517730496454,0.09929078014184398,0.01418439716312056
0.09929078014184398,0.09929078014184398,0.0
0.11347517730496454,0.09929078014184398,0.01418439716312056
0.09929078014184398,0.09929078014184398,0.0
0.1347517730496454,0.09929078014184398,0.035460992907801414
0.09929078014184398,0.09929078014184398,0.0
0.09929078014184398,0.09929078014184398,0.0
0.09929078014184398,0.09929078014184398,0.0
0.09929078014184398,0.09929078014184398,0.0
0.09929078014184398,0.09929078014184398,0.0
0.09929078014184398,0.09929078014184398,0.0
0.09929078014184398,0.09929078014184398,0.0
0.09929078014184398,0.09929078014184398,0.0
0.09929078014184398,0.09929078014184398,0.0
0.09929078014184398,0.09929078014184398,0.0
0.09929078014184398,0.09929078014184398,0.0
0.09929078014184398,0.09929078014184398,0.0
0.09929078014184398,0.09929078014184398,0.0
0.09929078014184398,0.09929078014184398,0.0
0.09929078014184398,0.09929078014184398,0.0
0.09929078014184398,0.09929078014184398,0.0
0.09929078014184398,0.09929078014184398,0.0
0.09929078014184398,0.09929078014184398,0.0
0.09929078014184398,0.09929078014184398,0.0
0.09929078014184398,0.09929078014184398,0.0
0.09929078014184398,0.09929078014184398,0.0
0.09929078014184398,0.09929078014184398,0.0
0.09929078014184398,0.09929078014184398,0.0
0.09929078014184398,0.09929078014184398,0.0
0.09929078014184398,0.09929078014184398,0.0
0.09929078014184398,0.09929078014184398,0.0
0.09929078014184398,0.09929078014184398,0.0
0.09929078014184398,0.09929078014184398,0.0
0.09929078014184398,0.09929078014184398,0.0
0.09929078014184398,0.09929078014184398,0.0
0.09929078014184398,0.09929078014184398,0.0
0.09929078014184398,0.09929078014184398,0.0
0.09929078014184398,0.09929078014184398,0.0
0.09929078014184398,0.09929078014184398,0.0
0.09929078014184398,0.09929078014184398,0.0
0.09929078014184398,0.09929078014184398,0.0
0.09929078014184398,0.14893617021276595,0.049645390070921974
0.09929078014184398,0.09929078014184398,0.0
0.09929078014184398,0.09929078014184398,0.0
0.09929078014184398,0.09929078014184398,0.0
0.09929078014184398,0.09929078014184398,0.0
0.09929078014184398,0.09929078014184398,0.0
0.09929078014184398,0.09929078014184398,0.0
0.09929078014184398,0.09929078014184398,0.0
0.09929078014184398,0.09929078014184398,0.0
0.09929078014184398,0.09929078014184398,0.0
0.09929078014184398,0.09929078014184398,0.0
0.09929078014184398,0.09929078014184398,0.0
0.09929078014184398,0.09929078014184398,0.0
0.09929078014184398,0.09929078014184398,0.0
0.09929078014184398,0.09929078014184398,0.0
0.09929078014184398,0.09929078014184398,0.0
0.09929078014184398,0.09929078014184398,0.0
0.09929078014184398,0.09929078014184398,0.0
0.09929078014184398,0.09929078014184398,0.0
0.09929078014184398,0.09929078014184398,0.0
0.09929078014184398,0.09929078014184398,0.0
0.09929078014184398,0.09929078014184398,0.0
0.14184397163120568,0.09929078014184398,0.04255319148936171
0.09929078014184398,0.09929078014184398,0.0
0.09929078014184398,0.09929078014184398,0.0
0.09929078014184398,0.09929078014184398,0.0
0.09929078014184398,0.09929078014184398,0.0
0.09929078014184398,0.09929078014184398,0.0
0.09929078014184398,0.09929078014184398,0.0
0.09929078014184398,0.09929078014184398,0.0
0.09929078014184398,0.09929078014184398,0.0
0.09929078014184398,0.09929078014184398,0.0
0.09929078014184398,0.09929078014184398,0.0
0.14893617021276595,0.09929078014184398,0.049645390070921974
0.09929078014184398,0.09929078014184398,0.0
0.09929078014184398,0.09929078014184398,0.0
0.09929078014184398,0.09929078014184398,0.0
0.09929078014184398,0.09929078014184398,0.0
0.09929078014184398,0.09929078014184398,0.0
0.09929078014184398,0.09929078014184398,0.0
0.09929078014184398,0.09929078014184398,0.0
0.09929078014184398,0.09929078014184398,0.0
0.09929078014184398,0.09929078014184398,0.0
0.09929078014184398,0.09929078014184398,0.0
0.09929078014184398,0.09929078014184398,0.0
0.09929078014184398,0.09929078014184398,0.0
0.09929078014184398,0.09929078014184398,0.0
0.09929078014184398,0.09929078014184398,0.0
0.09929078014184398,0.09929078014184398,0.0
0.09929078014184398,0.09929078014184398,0.0
0.09929078014184398,0.09929078014184398,0.0
0.09929078014184398,0.09929078014184398,0.0
0.09929078014184398,0.08510638297872342,0.01418439716312056
0.09929078014184398,0.09929078014184398,0.0
0.09929078014184398,0.09929078014184398,0.0
0.09929078014184398,0.09929078014184398,0.0
0.09929078014184398,0.12765957446808512,0.028368794326241148
0.09929078014184398,0.09929078014184398,0.0
0.09929078014184398,0.09929078014184398,0.0
0.09929078014184398,0.09929078014184398,0.0
0.09929078014184398,0.09929078014184398,0.0
0.09929078014184398,0.09929078014184398,0.0
0.09929078014184398,0.09929078014184398,0.0
0.09929078014184398,0.09929078014184398,0.0
0.09929078014184398,0.09929078014184398,0.0
0.09929078014184398,0.09929078014184398,0.0
0.09929078014184398,0.09929078014184398,0.0
0.09929078014184398,0.09929078014184398,0.0
0.09929078014184398,0.09929078014184398,0.0
0.09929078014184398,0.09929078014184398,0.0
0.09929078014184398,0.19148936170212766,0.09219858156028368
0.09929078014184398,0.09929078014184398,0.0
0.09929078014184398,0.10638297872340426,0.00709219858156028
0.09929078014184398,0.09929078014184398,0.0
0.09929078014184398,0.09929078014184398,0.0
0.09929078014184398,0.09929078014184398,0.0
0.09929078014184398,0.09929078014184398,0.0
0.09929078014184398,0.1702127659574468,0.07092198581560283
0.09929078014184398,0.09929078014184398,0.0
0.09929078014184398,0.09929078014184398,0.0
0.09929078014184398,0.09929078014184398,0.0
0.09929078014184398,0.09929078014184398,0.0
0.09929078014184398,0.09929078014184398,0.0
0.09929078014184398,0.09929078014184398,0.0
0.09929078014184398,0.09929078014184398,0.0
0.09929078014184398,0.1347517730496454,0.035460992907801414
0.09929078014184398,0.09929078014184398,0.0
0.09929078014184398,0.09929078014184398,0.0
0.09929078014184398,0.09929078014184398,0.0
0.09929078014184398,0.09929078014184398,0.0
0.09929078014184398,0.09929078014184398,0.0
0.09929078014184398,0.09929078014184398,0.0
0.09929078014184398,0.09929078014184398,0.0
0.09929078014184398,0.09929078014184398,0.0
0.09929078014184398,0.09929078014184398,0.0
0.09929078014184398,0.09929078014184398,0.0
0.09929078014184398,0.09929078014184398,0.0
0.09929078014184398,0.09929078014184398,0.0
0.09929078014184398,0.09929078014184398,0.0
0.09929078014184398,0.09929078014184398,0.0
0.09929078014184398,0.09929078014184398,0.0
0.09929078014184398,0.09929078014184398,0.0
0.09929078014184398,0.09929078014184398,0.0
0.09929078014184398,0.09929078014184398,0.0
0.09929078014184398,0.09929078014184398,0.0
0.09929078014184398,0.09929078014184398,0.0
0.07801418439716312,0.09929078014184398,0.021276595744680854
0.09929078014184398,0.09929078014184398,0.0
0.09929078014184398,0.09929078014184398,0.0
0.09929078014184398,0.09929078014184398,0.0
0.09929078014184398,0.09929078014184398,0.0
0.09929078014184398,0.09929078014184398,0.0
0.09929078014184398,0.09929078014184398,0.0
0.09929078014184398,0.09929078014184398,0.0
0.09929078014184398,0.09929078014184398,0.0
0.09929078014184398,0.09929078014184398,0.0
0.09929078014184398,0.09929078014184398,0.0
0.09929078014184398,0.09929078014184398,0.0
0.09929078014184398,0.09929078014184398,0.0
0.09929078014184398,0.09929078014184398,0.0
0.09929078014184398,0.09929078014184398,0.0
0.09929078014184398,0.09929078014184398,0.0
0.09929078014184398,0.09929078014184398,0.0
0.09929078014184398,0.09929078014184398,0.0
0.09929078014184398,0.09929078014184398,0.0
0.09929078014184398,0.09929078014184398,0.0
0.09929078014184398,0.09929078014184398,0.0
0.09929078014184398,0.09929078014184398,0.0
0.04964539007092199,0.1773049645390071,0.12765957446808512
0.1702127659574468,0.09929078014184398,0.07092198581560283
0.09929078014184398,0.09929078014184398,0.0
0.09929078014184398,0.09929078014184398,0.0
0.16312056737588654,0.09929078014184398,0.06382978723404256
0.09929078014184398,0.09929078014184398,0.0
0.09929078014184398,0.09929078014184398,0.0
0.09929078014184398,0.09929078014184398,0.0
0.0921985815602837,0.09929078014184398,0.00709219858156028
0.09929078014184398,0.09929078014184398,0.0
0.09929078014184398,0.09929078014184398,0.0
0.09929078014184398,0.09929078014184398,0.0
0.09929078014184398,0.09929078014184398,0.0
0.09929078014184398,0.09929078014184398,0.0
0.09929078014184398,0.09929078014184398,0.0
0.09929078014184398,0.09929078014184398,0.0
0.19858156028368795,0.09929078014184398,0.09929078014184398
0.09929078014184398,0.09929078014184398,0.0
0.09929078014184398,0.09929078014184398,0.0
0.09929078014184398,0.09929078014184398,0.0
0.09929078014184398,0.14184397163120568,0.04255319148936171
0.09929078014184398,0.09929078014184398,0.0
0.09929078014184398,0.09929078014184398,0.0
0.09929078014184398,0.09929078014184398,0.0
0.20567375886524825,0.09929078014184398,0.10638297872340427
0.09929078014184398,0.09929078014184398,0.0
0.09929078014184398,0.09929078014184398,0.0
0.09929078014184398,0.09929078014184398,0.0
0.10638297872340426,0.09929078014184398,0.00709219858156028
0.09929078014184398,0.09929078014184398,0.0
0.09929078014184398,0.09929078014184398,0.0
0.09929078014184398,0.09929078014184398,0.0
0.09929078014184398,0.09929078014184398,0.0
0.14893617021276595,0.09929078014184398,0.049645390070921974
0.09929078014184398,0.09929078014184398,0.0
0.09929078014184398,0.09929078014184398,0.0
0.11347517730496454,0.09929078014184398,0.01418439716312056
0.09929078014184398,0.09929078014184398,0.0
0.09929078014184398,0.09929078014184398,0.0
0.19148936170212766,0.09929078014184398,0.09219858156028368
0.20567375886524825,0.09929078014184398,0.10638297872340427
0.09929078014184398,0.09929078014184398,0.0
0.09929078014184398,0.09929078014184398,0.0
0.09929078014184398,0.09929078014184398,0.0
0.09929078014184398,0.09929078014184398,0.0
0.2695035460992908,0.09929078014184398,0.1702127659574468
0.14893617021276595,0.09929078014184398,0.049645390070921974
0.09929078014184398,0.09929078014184398,0.0
0.09929078014184398,0.09929078014184398,0.0
0.09929078014184398,0.09929078014184398,0.0
0.11347517730496454,0.09929078014184398,0.01418439716312056
0.23404255319148937,0.09929078014184398,0.1347517730496454
0.14184397163120568,0.09929078014184398,0.04255319148936171
0.19148936170212766,0.09929078014184398,0.09219858156028368
0.09929078014184398,0.09929078014184398,0.0
0.09929078014184398,0.09929078014184398,0.0
0.03546099290780143,0.09929078014184398,0.06382978723404255
0.09929078014184398,0.09929078014184398,0.0
0.16312056737588654,0.09929078014184398,0.06382978723404256
0.2127659574468085,0.09929078014184398,0.11347517730496454
0.19148936170212766,0.09929078014184398,0.09219858156028368
0.09929078014184398,0.09929078014184398,0.0
0.09929078014184398,0.09929078014184398,0.0
0.09929078014184398,0.09929078014184398,0.0
0.0921985815602837,0.09929078014184398,0.00709219858156028
0.09929078014184398,0.09929078014184398,0.0
0.09929078014184398,0.09929078014184398,0.0
0.09929078014184398,0.09929078014184398,0.0
0.09929078014184398,0.09929078014184398,0.0
0.09929078014184398,0.09929078014184398,0.0
0.09929078014184398,0.09929078014184398,0.0
0.09929078014184398,0.09929078014184398,0.0
0.09929078014184398,0.09929078014184398,0.0
0.09929078014184398,0.09929078014184398,0.0
0.09929078014184398,0.09929078014184398,0.0
0.09929078014184398,0.09929078014184398,0.0
0.09929078014184398,0.09929078014184398,0.0
0.09929078014184398,0.09929078014184398,0.0
0.09929078014184398,0.09929078014184398,0.0
0.09929078014184398,0.09929078014184398,0.0
0.09929078014184398,0.09929078014184398,0.0
0.09929078014184398,0.09929078014184398,0.0
0.09929078014184398,0.09929078014184398,0.0
0.09929078014184398,0.09929078014184398,0.0
0.09929078014184398,0.14184397163120568,0.04255319148936171
0.09929078014184398,0.12056737588652483,0.021276595744680854
0.09929078014184398,0.09929078014184398,0.0
0.09929078014184398,0.09929078014184398,0.0
0.09929078014184398,0.09929078014184398,0.0
0.09929078014184398,0.09929078014184398,0.0
0.09929078014184398,0.09929078014184398,0.0
0.09929078014184398,0.09929078014184398,0.0
0.09929078014184398,0.09929078014184398,0.0
0.09929078014184398,0.09929078014184398,0.0
0.09929078014184398,0.09929078014184398,0.0
0.09929078014184398,0.09929078014184398,0.0
0.09929078014184398,0.09929078014184398,0.0
0.09929078014184398,0.09929078014184398,0.0
0.09929078014184398,0.09929078014184398,0.0
0.09929078014184398,0.09929078014184398,0.0
0.09929078014184398,0.09929078014184398,0.0
0.09929078014184398,0.09929078014184398,0.0
0.09929078014184398,0.09929078014184398,0.0
0.09929078014184398,0.09929078014184398,0.0
0.09929078014184398,0.09929078014184398,0.0
0.09929078014184398,0.09929078014184398,0.0
0.09929078014184398,0.09929078014184398,0.0
0.09929078014184398,0.09929078014184398,0.0
0.09929078014184398,0.09929078014184398,0.0
0.09929078014184398,0.09929078014184398,0.0
0.09929078014184398,0.12056737588652483,0.021276595744680854
0.09929078014184398,0.09929078014184398,0.0
0.09929078014184398,0.09929078014184398,0.0
0.09929078014184398,0.09929078014184398,0.0
0.09929078014184398,0.09929078014184398,0.0
0.09929078014184398,0.09929078014184398,0.0
0.09929078014184398,0.09929078014184398,0.0
0.09929078014184398,0.09929078014184398,0.0
0.09929078014184398,0.09929078014184398,0.0
0.09929078014184398,0.09929078014184398,0.0
0.09929078014184398,0.09929078014184398,0.0
0.09929078014184398,0.09929078014184398,0.0
0.09929078014184398,0.09929078014184398,0.0
0.09929078014184398,0.09929078014184398,0.0
0.09929078014184398,0.09929078014184398,0.0
0.09929078014184398,0.09929078014184398,0.0
0.09929078014184398,0.09929078014184398,0.0
0.09929078014184398,0.09929078014184398,0.0
0.09929078014184398,0.09929078014184398,0.0
0.09929078014184398,0.09929078014184398,0.0
0.09929078014184398,0.09929078014184398,0.0
0.09929078014184398,0.09929078014184398,0.0
0.09929078014184398,0.09929078014184398,0.0
0.09929078014184398,0.09929078014184398,0.0
0.09929078014184398,0.14893617021276595,0.049645390070921974
0.09929078014184398,0.09929078014184398,0.0
0.09929078014184398,0.09929078014184398,0.0
0.09929078014184398,0.09929078014184398,0.0
0.09929078014184398,0.09929078014184398,0.0
0.09929078014184398,0.09929078014184398,0.0
0.09929078014184398,0.09929078014184398,0.0
0.09929078014184398,0.09929078014184398,0.0
0.09929078014184398,0.09929078014184398,0.0
0.09929078014184398,0.09929078014184398,0.0
0.09929078014184398,0.09929078014184398,0.0
0.09929078014184398,0.09929078014184398,0.0
0.09929078014184398,0.09929078014184398,0.0
0.09929078014184398,0.09929078014184398,0.0
0.09929078014184398,0.09929078014184398,0.0
0.09929078014184398,0.09929078014184398,0.0
0.09929078014184398,0.09929078014184398,0.0
0.09929078014184398,0.09929078014184398,0.0
0.09929078014184398,0.09929078014184398,0.0
0.09929078014184398,0.09929078014184398,0.0
0.09929078014184398,0.09929078014184398,0.0
0.09929078014184398,0.09929078014184398,0.0
0.09929078014184398,0.09929078014184398,0.0
0.09929078014184398,0.09929078014184398,0.0
0.09929078014184398,0.09929078014184398,0.0
0.09929078014184398,0.09929078014184398,0.0
0.09929078014184398,0.09929078014184398,0.0
0.09929078014184398,0.09929078014184398,0.0
0.09929078014184398,0.09929078014184398,0.0
0.09929078014184398,0.09929078014184398,0.0
0.09929078014184398,0.09929078014184398,0.0
0.09929078014184398,0.09929078014184398,0.0
0.09929078014184398,0.09929078014184398,0.0
0.09929078014184398,0.09929078014184398,0.0
0.09929078014184398,0.09929078014184398,0.0
0.09929078014184398,0.09929078014184398,0.0
0.09929078014184398,0.09929078014184398,0.0
0.09929078014184398,0.09929078014184398,0.0
0.09929078014184398,0.09929078014184398,0.0
0.09929078014184398,0.09929078014184398,0.0
0.09929078014184398,0.475177304964539,0.375886524822695
0.09929078014184398,0.09929078014184398,0.0
0.09929078014184398,0.09929078014184398,0.0
0.09929078014184398,0.09929078014184398,0.0
0.09929078014184398,0.09929078014184398,0.0
0.09929078014184398,0.09929078014184398,0.0
0.09929078014184398,0.09929078014184398,0.0
0.09929078014184398,0.09929078014184398,0.0
0.09929078014184398,0.09929078014184398,0.0
0.09929078014184398,0.09929078014184398,0.0
0.09929078014184398,0.09929078014184398,0.0
0.09929078014184398,0.09929078014184398,0.0
0.09929078014184398,0.09929078014184398,0.0
0.09929078014184398,0.09929078014184398,0.0
0.09929078014184398,0.09929078014184398,0.0
0.09929078014184398,0.09929078014184398,0.0
0.09929078014184398,0.09929078014184398,0.0
0.09929078014184398,0.09929078014184398,0.0
0.09929078014184398,0.09929078014184398,0.0
0.09929078014184398,0.09929078014184398,0.0
0.09929078014184398,0.09929078014184398,0.0
0.09929078014184398,0.09929078014184398,0.0
0.09929078014184398,0.09929078014184398,0.0
0.09929078014184398,0.09929078014184398,0.0
0.09929078014184398,0.09929078014184398,0.0
0.09929078014184398,0.09929078014184398,0.0
0.09929078014184398,0.1347517730496454,0.035460992907801414
0.09929078014184398,0.09929078014184398,0.0
0.09929078014184398,0.09929078014184398,0.0
0.09929078014184398,0.09929078014184398,0.0
0.09929078014184398,0.09929078014184398,0.0
0.09929078014184398,0.09929078014184398,0.0
0.09929078014184398,0.09929078014184398,0.0
0.09929078014184398,0.09929078014184398,0.0
0.09929078014184398,0.09929078014184398,0.0
0.09929078014184398,0.09929078014184398,0.0
0.09929078014184398,0.1702127659574468,0.07092198581560283
0.09929078014184398,0.09929078014184398,0.0
0.09929078014184398,0.09929078014184398,0.0
0.09929078014184398,0.09929078014184398,0.0
0.09929078014184398,0.09929078014184398,0.0
0.09929078014184398,0.09929078014184398,0.0
0.09929078014184398,0.09929078014184398,0.0
0.09929078014184398,0.09929078014184398,0.0
0.09929078014184398,0.09929078014184398,0.0
0.09929078014184398,0.09929078014184398,0.0
0.09929078014184398,0.09929078014184398,0.0
0.09929078014184398,0.09929078014184398,0.0
0.09929078014184398,0.09929078014184398,0.0
0.09929078014184398,0.09929078014184398,0.0
0.09929078014184398,0.08510638297872342,0.01418439716312056
0.09929078014184398,0.09929078014184398,0.0
0.09929078014184398,0.09929078014184398,0.0
0.09929078014184398,0.09929078014184398,0.0
0.09929078014184398,0.09929078014184398,0.0
0.09929078014184398,0.09929078014184398,0.0
0.09929078014184398,0.10638297872340426,0.00709219858156028
0.09929078014184398,0.09929078014184398,0.0
0.09929078014184398,0.09929078014184398,0.0
0.07801418439716312,0.09929078014184398,0.021276595744680854
0.09929078014184398,0.09929078014184398,0.0
0.09929078014184398,0.09929078014184398,0.0
0.12765957446808512,0.09929078014184398,0.028368794326241148
0.1347517730496454,0.09929078014184398,0.035460992907801414
0.09929078014184398,0.09929078014184398,0.0
0.09929078014184398,0.09929078014184398,0.0
0.09929078014184398,0.09929078014184398,0.0
0.09929078014184398,0.09929078014184398,0.0
0.09929078014184398,0.09929078014184398,0.0
0.09929078014184398,0.09929078014184398,0.0
0.09929078014184398,0.09929078014184398,0.0
0.09929078014184398,0.09929078014184398,0.0
0.09929078014184398,0.09929078014184398,0.0
0.09929078014184398,0.09929078014184398,0.0
0.09929078014184398,0.09929078014184398,0.0
0.09929078014184398,0.09929078014184398,0.0
0.09929078014184398,0.09929078014184398,0.0
0.09929078014184398,0.09929078014184398,0.0
0.09929078014184398,0.09929078014184398,0.0
0.09929078014184398,0.09929078014184398,0.0
0.09929078014184398,0.09929078014184398,0.0
0.09929078014184398,0.09929078014184398,0.0
