ranker,year_id,game_date,game_num,age,team,game_location,opp,game_result,gs,pass_cmp,pass_att,pass_cmp_perc,pass_yds,pass_td,pass_int,pass_rating,pass_sacked,pass_sacked_yds,pass_yds_per_att,pass_adj_yds_per_att,xpm,xpa,xp_perc,fgm,fga,fg_perc,all_td,scoring,sacks,tackles_solo,tackles_assists,punt,punt_yds,punt_yds_per_punt,punt_blocked
1,2003,2003-09-07,1,24.131,SEA,,NOR,W 27-10,,0,0,,0,0,0,,,,,,3,3,100.0,2,2,100.0,0,9,0.0,,,0,0,,0
2,2003,2003-09-14,2,24.138,SEA,@,ARI,W 38-0,,0,0,,0,0,0,,,,,,5,5,100.0,1,1,100.0,0,8,0.0,,,0,0,,0
3,2003,2003-09-21,3,24.145,SEA,,STL,W 24-23,,0,0,,0,0,0,,,,,,3,3,100.0,1,2,50.0,0,6,0.0,,,0,0,,0
4,2003,2003-10-05,4,24.159,SEA,@,GNB,L 13-35,,0,0,,0,0,0,,,,,,1,1,100.0,2,2,100.0,0,7,0.0,,,0,0,,0
5,2003,2003-10-12,5,24.166,SEA,,SFO,W 20-19,,0,0,,0,0,0,,,,,,2,2,100.0,2,2,100.0,0,8,0.0,,,0,0,,0
6,2003,2003-10-19,6,24.173,SEA,,CHI,W 24-17,,0,0,,0,0,0,,,,,,3,3,100.0,1,2,50.0,0,6,0.0,,,0,0,,0
7,2003,2003-10-26,7,24.180,SEA,@,CIN,L 24-27,,0,0,,0,0,0,,,,,,3,3,100.0,1,2,50.0,0,6,0.0,,,0,0,,0
8,2003,2003-11-02,8,24.187,SEA,,PIT,W 23-16,,0,0,,0,0,0,,,,,,2,2,100.0,3,3,100.0,0,11,0.0,,,0,0,,0
9,2003,2003-11-09,9,24.194,SEA,@,WAS,L 20-27,,0,0,,0,0,0,,,,,,2,2,100.0,2,3,66.7,0,8,0.0,,,0,0,,0
10,2003,2003-11-16,10,24.201,SEA,,DET,W 35-14,,0,0,,0,0,,,,,,,5,5,100.0,,,,0,5,,,,,,,
11,2003,2003-11-23,11,24.208,SEA,@,BAL,L 41-44,,0,0,,0,0,0,,,,,,5,5,100.0,2,2,100.0,0,11,0.0,,,0,0,,0
12,2003,2003-11-30,12,24.215,SEA,,CLE,W 34-7,,0,0,,0,0,0,,,,,,4,4,100.0,2,3,66.7,0,10,0.0,,,0,0,,0
13,2003,2003-12-07,13,24.222,SEA,@,MIN,L 7-34,,0,0,,0,0,0,,,,,,1,1,100.0,,2,0.0,0,1,0.0,,,0,0,,0
14,2003,2003-12-14,14,24.229,SEA,@,STL,L 22-27,,0,0,,0,0,0,,,,,,2,2,100.0,2,2,100.0,0,8,0.0,,,0,0,,0
15,2003,2003-12-21,15,24.236,SEA,,ARI,W 28-10,,0,0,,0,0,,,,,,,4,4,100.0,,,,0,4,,,,,,,
16,2003,2003-12-27,16,24.242,SEA,@,SFO,W 24-17,,0,0,,0,0,0,,,,,,3,3,100.0,1,2,50.0,0,6,0.0,,,0,0,,0
17,2004,2004-09-12,1,25.136,SEA,@,NOR,W 21-7,,0,0,,0,0,,,,,,,3,3,100.0,,,,0,3,,,,,,,
18,2004,2004-09-19,2,25.143,SEA,@,TAM,W 10-6,,0,0,,0,0,0,,,,,,1,1,100.0,1,1,100.0,0,4,0.0,,,0,0,,0
19,2004,2004-09-26,3,25.150,SEA,,SFO,W 34-0,,0,0,,0,0,0,,,,,,4,4,100.0,2,2,100.0,0,10,0.0,,,0,0,,0
20,2004,2004-10-10,4,25.164,SEA,,STL,L 27-33,,0,0,,0,0,0,,,,,,3,3,100.0,2,3,66.7,0,9,0.0,,,1,35,35.00,0
21,2004,2004-10-17,5,25.171,SEA,@,NWE,L 20-30,,0,0,,0,0,0,,,,,,,,,4,4,100.0,0,12,0.0,,,0,0,,0
22,2004,2004-10-24,6,25.178,SEA,@,ARI,L 17-25,,0,0,,0,0,0,,,,,,2,2,100.0,1,1,100.0,0,5,0.0,,,0,0,,0
23,2004,2004-10-31,7,25.185,SEA,,CAR,W 23-17,,0,0,,0,0,0,,,,,,2,2,100.0,3,3,100.0,0,11,0.0,,,0,0,,0
24,2004,2004-11-07,8,25.192,SEA,@,SFO,W 42-27,,0,0,,0,0,,,,,,,6,6,100.0,,,,0,6,,,,,,,
25,2004,2004-11-14,9,25.199,SEA,@,STL,L 12-23,,0,0,,0,0,0,,,,,,,,,4,4,100.0,0,12,0.0,,,0,0,,0
26,2004,2004-11-21,10,25.206,SEA,,MIA,W 24-17,,0,0,,0,0,0,,,,,,3,3,100.0,1,1,100.0,0,6,0.0,,,0,0,,0
27,2004,2004-11-28,11,25.213,SEA,,BUF,L 9-38,,0,0,,0,0,0,,,,,,,,,1,1,100.0,0,3,0.0,,,0,0,,0
28,2004,2004-12-06,12,25.221,SEA,,DAL,L 39-43,,0,0,,0,0,0,,,,,,4,4,100.0,1,1,100.0,0,7,0.0,,,0,0,,0
29,2004,2004-12-12,13,25.227,SEA,@,MIN,W 27-23,,0,0,,0,0,0,,,,,,3,3,100.0,2,3,66.7,0,9,0.0,,,0,0,,0
30,2004,2004-12-19,14,25.234,SEA,@,NYJ,L 14-37,,0,0,,0,0,,,,,,,2,2,100.0,,,,0,2,,,,,,,
31,2004,2004-12-26,15,25.241,SEA,,ARI,W 24-21,,0,0,,0,0,0,,,,,,3,3,100.0,1,1,100.0,0,6,0.0,,,0,0,,0
32,2004,2005-01-02,16,25.248,SEA,,ATL,W 28-26,,0,0,,0,0,,,,,,,4,4,100.0,,,,0,4,,,,,,,
33,2005,2005-09-11,1,26.135,SEA,@,JAX,L 14-26,,0,0,,0,0,,,,,,,2,2,100.0,,,,0,2,,,,,,,
34,2005,2005-09-18,2,26.142,SEA,,ATL,W 21-18,,0,0,,0,0,0,,,,,,3,3,100.0,,,,0,3,0.0,,,1,20,20.00,0
35,2005,2005-09-25,3,26.149,SEA,,ARI,W 37-12,,0,0,,0,0,0,,,,,,4,4,100.0,3,3,100.0,0,13,0.0,,,0,0,,0
36,2005,2005-10-02,4,26.156,SEA,@,WAS,L 17-20,,0,0,,0,0,0,,,,,,2,2,100.0,1,3,33.3,0,5,0.0,,,0,0,,0
37,2005,2005-10-09,5,26.163,SEA,@,STL,W 37-31,,0,0,,0,0,0,,,,,,4,4,100.0,3,3,100.0,0,13,0.0,,,0,0,,0
38,2005,2005-10-16,6,26.170,SEA,,HOU,W 42-10,,0,0,,0,0,,,,,,,6,6,100.0,,,,0,6,,,,,,,
39,2005,2005-10-23,7,26.177,SEA,,DAL,W 13-10,,0,0,,0,0,0,,,,,,1,1,100.0,2,2,100.0,0,7,0.0,,,0,0,,0
40,2005,2005-11-06,8,26.191,SEA,@,ARI,W 33-19,,0,0,,0,0,0,,,,,,3,4,75.0,2,2,100.0,0,9,0.0,,,0,0,,0
41,2005,2005-11-13,9,26.198,SEA,,STL,W 31-16,,0,0,,0,0,0,,,,,,4,4,100.0,1,1,100.0,0,7,0.0,,,0,0,,0
42,2005,2005-11-20,10,26.205,SEA,@,SFO,W 27-25,,0,0,,0,0,0,,,,,,3,3,100.0,2,3,66.7,0,9,0.0,,,0,0,,0
43,2005,2005-11-27,11,26.212,SEA,,NYG,W 24-21,,0,0,,0,0,0,,,,,,3,3,100.0,1,1,100.0,0,6,0.0,,,0,0,,0
44,2005,2005-12-05,12,26.220,SEA,@,PHI,W 42-0,,0,0,,0,0,0,,,,,,6,6,100.0,,1,0.0,0,6,0.0,,,0,0,,0
45,2005,2005-12-11,13,26.226,SEA,,SFO,W 41-3,,0,0,,0,0,0,,,,,,5,5,100.0,2,3,66.7,0,11,0.0,,,0,0,,0
46,2005,2005-12-18,14,26.233,SEA,@,TEN,W 28-24,,0,0,,0,0,0,,,,,,4,4,100.0,,1,0.0,0,4,0.0,,,0,0,,0
47,2005,2005-12-24,15,26.239,SEA,,IND,W 28-13,,0,0,,0,0,0,,,,,,4,4,100.0,,1,0.0,0,4,0.0,,,0,0,,0
48,2005,2006-01-01,16,26.247,SEA,@,GNB,L 17-23,,0,0,,0,0,0,,,,,,2,2,100.0,1,1,100.0,0,5,0.0,,,0,0,,0
49,2006,2006-09-10,1,27.134,SEA,@,DET,W 9-6,,0,0,,0,0,0,,,,,,,,,3,5,60.0,0,9,0.0,,,0,0,,0
50,2006,2006-09-17,2,27.141,SEA,,ARI,W 21-10,,0,0,,0,0,0,,,,,,3,3,100.0,,1,0.0,0,3,0.0,,,0,0,,0
51,2006,2006-09-24,3,27.148,SEA,,NYG,W 42-30,,0,0,,0,0,,,,,,,6,6,100.0,,,,0,6,,,,,,,
52,2006,2006-10-01,4,27.155,SEA,@,CHI,L 6-37,,0,0,,0,0,0,,,,,,,,,2,2,100.0,0,6,0.0,,,0,0,,0
53,2006,2006-10-15,5,27.169,SEA,@,STL,W 30-28,,0,0,,0,0,0,,,,,,3,3,100.0,3,4,75.0,0,12,0.0,,,0,0,,0
54,2006,2006-10-22,6,27.176,SEA,,MIN,L 13-31,,0,0,,0,0,0,,,,,,1,1,100.0,2,2,100.0,0,7,0.0,,,0,0,,0
55,2006,2006-10-29,7,27.183,SEA,@,KAN,L 28-35,,0,0,,0,0,,,,,,,4,4,100.0,,,,0,4,,,,,,,
56,2006,2006-11-06,8,27.191,SEA,,OAK,W 16-0,,0,0,,0,0,0,,,,,,1,1,100.0,3,3,100.0,0,10,0.0,,,0,0,,0
57,2006,2006-11-12,9,27.197,SEA,,STL,W 24-22,,0,0,,0,0,0,,,,,,3,3,100.0,1,1,100.0,0,6,0.0,,,0,0,,0
58,2006,2006-11-19,10,27.204,SEA,@,SFO,L 14-20,,0,0,,0,0,,,,,,,2,2,100.0,,,,0,2,,,,,,,
59,2006,2006-11-27,11,27.212,SEA,,GNB,W 34-24,,0,0,,0,0,0,,,,,,2,2,100.0,4,4,100.0,0,14,0.0,,,0,0,,0
60,2006,2006-12-03,12,27.218,SEA,@,DEN,W 23-20,,0,0,,0,0,0,,,,,,2,2,100.0,3,5,60.0,0,11,0.0,,,1,21,21.00,0
61,2006,2006-12-10,13,27.225,SEA,@,ARI,L 21-27,,0,0,,0,0,,,,,,,3,3,100.0,,,,0,3,,,,,,,
62,2006,2006-12-14,14,27.229,SEA,,SFO,L 14-24,,0,0,,0,0,,,,,,,2,2,100.0,,,,0,2,,,,,,,
63,2006,2006-12-24,15,27.239,SEA,,SDG,L 17-20,,0,0,,0,0,0,,,,,,2,2,100.0,1,1,100.0,0,5,0.0,,,0,0,,0
64,2006,2006-12-31,16,27.246,SEA,@,TAM,W 23-7,,0,0,,0,0,0,,,,,,2,2,100.0,3,3,100.0,0,11,0.0,,,1,28,28.00,0
65,2007,2007-09-09,1,28.133,SEA,,TAM,W 20-6,,0,0,,0,0,0,,,,,,2,2,100.0,2,2,100.0,0,8,0.0,,,0,0,,0
66,2007,2007-09-16,2,28.140,SEA,@,ARI,L 20-23,,0,0,,0,0,0,,,,,,2,2,100.0,2,2,100.0,0,8,0.0,,,0,0,,0
67,2007,2007-09-23,3,28.147,SEA,,CIN,W 24-21,,0,0,,0,0,0,,,,,,3,3,100.0,1,1,100.0,0,6,0.0,,,0,0,,0
68,2007,2007-09-30,4,28.154,SEA,@,SFO,W 23-3,,0,0,,0,0,0,,,,,,2,2,100.0,3,3,100.0,0,11,0.0,,,0,0,,0
69,2007,2007-10-07,5,28.161,SEA,@,PIT,L 0-21,,,,,,,,,,,,,,,,,,,,,,,,,,,
70,2007,2007-10-14,6,28.168,SEA,,NOR,L 17-28,,0,0,,0,0,0,,,,,,2,2,100.0,1,2,50.0,0,5,0.0,,,0,0,,0
71,2007,2007-10-21,7,28.175,SEA,,STL,W 33-6,,0,0,,0,0,0,,,,,,3,3,100.0,4,4,100.0,0,15,0.0,,,0,0,,0
72,2007,2007-11-04,8,28.189,SEA,@,CLE,L 30-33,,0,0,,0,0,0,,,,,,3,3,100.0,3,3,100.0,0,12,0.0,,,0,0,,0
73,2007,2007-11-12,9,28.197,SEA,,SFO,W 24-0,,0,0,,0,0,0,,,,,,3,3,100.0,1,2,50.0,0,6,0.0,,,0,0,,0
74,2007,2007-11-18,10,28.203,SEA,,CHI,W 30-23,,0,0,,0,0,0,,,,,,3,3,100.0,3,4,75.0,0,12,0.0,,,0,0,,0
75,2007,2007-11-25,11,28.210,SEA,@,STL,W 24-19,,0,0,,0,0,0,,,,,,3,3,100.0,1,3,33.3,0,6,0.0,,,0,0,,0
76,2007,2007-12-02,12,28.217,SEA,@,PHI,W 28-24,,0,0,,0,0,0,,,,,,4,4,100.0,,1,0.0,0,4,0.0,,,0,0,,0
77,2007,2007-12-09,13,28.224,SEA,,ARI,W 42-21,,0,0,,0,0,0,,,,,,4,4,100.0,2,2,100.0,0,10,0.0,,,0,0,,0
78,2007,2007-12-16,14,28.231,SEA,@,CAR,L 10-13,,0,0,,0,0,0,,,,,,1,1,100.0,1,1,100.0,0,4,0.0,,,0,0,,0
79,2007,2007-12-23,15,28.238,SEA,,BAL,W 27-6,,0,0,,0,0,0,,,,,,3,3,100.0,2,2,100.0,0,9,0.0,,,0,0,,0
80,2007,2007-12-30,16,28.245,SEA,@,ATL,L 41-44,,0,0,,0,0,0,,,,,,5,5,100.0,2,2,100.0,0,11,0.0,,,0,0,,0
81,2008,2008-09-07,1,29.131,STL,@,PHI,L 3-38,,0,0,,0,0,0,,,,,,,,,1,1,100.0,0,3,0.0,0,0,0,0,,0
82,2008,2008-09-14,2,29.138,STL,,NYG,L 13-41,,0,0,,0,0,0,,,,,,1,1,100.0,2,2,100.0,0,7,0.0,0,0,0,0,,0
83,2008,2008-09-21,3,29.145,STL,@,SEA,L 13-37,,0,0,,0,0,0,,,,,,1,1,100.0,2,2,100.0,0,7,0.0,0,0,0,0,,0
84,2008,2008-09-28,4,29.152,STL,,BUF,L 14-31,,0,0,,0,0,0,,,,,,2,2,100.0,,1,0.0,0,2,0.0,0,0,0,0,,0
85,2008,2008-10-12,5,29.166,STL,@,WAS,W 19-17,,0,0,,0,0,0,,,,,,1,1,100.0,4,4,100.0,0,13,0.0,0,0,0,0,,0
86,2008,2008-10-19,6,29.173,STL,,DAL,W 34-14,,0,0,,0,0,0,,,,,,4,4,100.0,2,3,66.7,0,10,0.0,0,0,1,20,20.00,0
87,2008,2008-10-26,7,29.180,STL,@,NWE,L 16-23,,0,0,,0,0,0,,,,,,1,1,100.0,3,3,100.0,0,10,0.0,0,0,0,0,,0
88,2008,2008-11-02,8,29.187,STL,,ARI,L 13-34,,0,0,,0,0,0,,,,,,1,1,100.0,,,,0,1,0.0,0,0,0,0,,0
89,2008,2008-11-09,9,29.194,STL,@,NYJ,L 3-47,,0,0,,0,0,0,,,,,,,,,1,1,100.0,0,3,0.0,0,0,0,0,,0
90,2008,2008-11-16,10,29.201,STL,@,SFO,L 16-35,,0,0,,0,0,0,,,,,,1,1,100.0,3,4,75.0,0,10,0.0,0,0,0,0,,0
91,2008,2008-11-23,11,29.208,STL,,CHI,L 3-27,,0,0,,0,0,0,,,,,,,,,1,2,50.0,0,3,0.0,0,0,0,0,,0
92,2008,2008-11-30,12,29.215,STL,,MIA,L 12-16,,0,0,,0,0,0,,,,,,,,,4,4,100.0,0,12,0.0,0,0,0,0,,0
93,2008,2008-12-07,13,29.222,STL,@,ARI,L 10-34,,0,0,,0,0,0,,,,,,1,1,100.0,1,2,50.0,0,4,0.0,0,0,0,0,,0
94,2008,2008-12-14,14,29.229,STL,,SEA,L 20-23,,0,0,,0,0,0,,,,,,2,2,100.0,2,2,100.0,0,8,0.0,0,0,0,0,,0
95,2008,2008-12-21,15,29.236,STL,,SFO,L 16-17,,0,0,,0,0,0,,,,,,1,1,100.0,3,3,100.0,0,10,0.0,0,0,0,0,,0
96,2008,2008-12-28,16,29.243,STL,@,ATL,L 27-31,,0,0,,0,0,0,,,,,,3,3,100.0,2,2,100.0,0,9,0.0,0,0,0,0,,0
97,2009,2009-09-13,1,30.137,STL,@,SEA,L 0-28,,0,0,,0,0,0,,0,,,,,,,,1,0.0,0,0,0.0,0,0,0,0,,0
98,2009,2009-09-20,2,30.144,STL,@,WAS,L 7-9,,0,0,,0,0,0,,0,,,,1,1,100.0,,,,0,1,0.0,0,0,0,0,,0
99,2009,2009-09-27,3,30.151,STL,,GNB,L 17-36,,0,0,,0,0,0,,0,,,,2,2,100.0,1,2,50.0,0,5,0.0,1,0,0,0,,0
100,2009,2009-10-04,4,30.158,STL,@,SFO,L 0-35,,0,0,,0,0,0,,0,,,,,,,,1,0.0,0,0,0.0,0,0,0,0,,0
101,2009,2009-10-11,5,30.165,STL,,MIN,L 10-38,,0,0,,0,0,0,,0,,,,1,1,100.0,1,1,100.0,0,4,0.0,0,0,0,0,,0
102,2009,2009-10-18,6,30.172,STL,@,JAX,L 20-23,,0,0,,0,0,0,,0,,,,2,2,100.0,2,2,100.0,0,8,0.0,0,0,0,0,,0
103,2009,2009-10-25,7,30.179,STL,,IND,L 6-42,,0,0,,0,0,0,,0,,,,,,,2,2,100.0,0,6,0.0,0,0,0,0,,0
104,2009,2009-11-01,8,30.186,STL,@,DET,W 17-10,,1,1,100.00,36,1,0,158.3,0,0,36.00,56.00,2,2,100.0,1,1,100.0,0,5,0.0,0,0,0,0,,0
105,2009,2009-11-15,9,30.200,STL,,NOR,L 23-28,,0,0,,0,0,0,,0,,,,2,2,100.0,1,1,100.0,0,5,0.0,0,0,0,0,,0
106,2009,2009-11-22,10,30.207,STL,,ARI,L 13-21,,0,0,,0,0,0,,0,,,,1,1,100.0,2,2,100.0,0,7,0.0,0,0,0,0,,0
107,2009,2009-11-29,11,30.214,STL,,SEA,L 17-27,,0,0,,0,0,0,,0,,,,2,2,100.0,1,2,50.0,0,5,0.0,0,0,0,0,,0
108,2009,2009-12-06,12,30.221,STL,@,CHI,L 9-17,,0,0,,0,0,0,,0,,,,,,,3,3,100.0,0,9,0.0,0,0,0,0,,0
109,2009,2009-12-13,13,30.228,STL,@,TEN,L 7-47,,0,0,,0,0,0,,0,,,,1,1,100.0,,,,0,1,0.0,0,1,0,0,,0
110,2009,2009-12-20,14,30.235,STL,,HOU,L 13-16,,0,0,,0,0,0,,0,,,,1,1,100.0,2,2,100.0,0,7,0.0,0,0,0,0,,0
111,2009,2009-12-27,15,30.242,STL,@,ARI,L 10-31,,0,0,,0,0,0,,0,,,,1,1,100.0,1,1,100.0,0,4,0.0,0,0,0,0,,0
112,2009,2010-01-03,16,30.249,STL,,SFO,L 6-28,,0,0,,0,0,0,,0,,,,,,,2,3,66.7,0,6,0.0,0,0,0,0,,0
113,2010,2010-09-12,1,31.136,STL,,ARI,L 13-17,,0,0,,0,0,0,,0,0,,,1,1,100.0,2,3,66.7,0,7,0.0,0,0,0,0,,0
114,2010,2010-09-19,2,31.143,STL,@,OAK,L 14-16,,0,0,,0,0,0,,0,0,,,2,2,100.0,,1,0.0,0,2,0.0,0,0,0,0,,0
115,2010,2010-09-26,3,31.150,STL,,WAS,W 30-16,,0,0,,0,0,0,,0,0,,,3,3,100.0,3,4,75.0,0,12,0.0,0,0,0,0,,0
116,2010,2010-10-03,4,31.157,STL,,SEA,W 20-3,,0,0,,0,0,0,,0,0,,,2,2,100.0,2,2,100.0,0,8,0.0,0,0,0,0,,0
117,2010,2010-10-10,5,31.164,STL,@,DET,L 6-44,,0,0,,0,0,0,,0,0,,,,,,2,2,100.0,0,6,0.0,0,0,0,0,,0
118,2010,2010-10-17,6,31.171,STL,,SDG,W 20-17,,0,0,,0,0,0,,0,0,,,2,2,100.0,2,2,100.0,0,8,0.0,0,0,0,0,,0
119,2010,2010-10-24,7,31.178,STL,@,TAM,L 17-18,,0,0,,0,0,0,,0,0,,,2,2,100.0,1,1,100.0,0,5,0.0,0,0,0,0,,0
120,2010,2010-10-31,8,31.185,STL,,CAR,W 20-10,,0,0,,0,0,0,,0,0,,,2,2,100.0,2,3,66.7,0,8,0.0,0,0,0,0,,0
121,2010,2010-11-14,9,31.199,STL,@,SFO,L 20-23,,0,0,,0,0,0,,0,0,,,2,2,100.0,2,2,100.0,0,8,0.0,0,0,0,0,,0
122,2010,2010-11-21,10,31.206,STL,,ATL,L 17-34,,0,0,,0,0,0,,0,0,,,2,2,100.0,1,1,100.0,0,5,0.0,0,0,0,0,,0
123,2010,2010-11-28,11,31.213,STL,@,DEN,W 36-33,,0,0,,0,0,0,,0,0,,,3,4,75.0,3,4,75.0,0,12,0.0,0,0,0,0,,0
124,2010,2010-12-05,12,31.220,STL,@,ARI,W 19-6,,0,0,,0,0,0,,0,0,,,1,1,100.0,4,4,100.0,0,13,0.0,0,0,0,0,,0
125,2010,2010-12-12,13,31.227,STL,@,NOR,L 13-31,,0,0,,0,0,0,,0,0,,,1,1,100.0,2,3,66.7,0,7,0.0,0,0,0,0,,0
126,2010,2010-12-19,14,31.234,STL,,KAN,L 13-27,,0,0,,0,0,0,,0,0,,,1,1,100.0,2,2,100.0,0,7,0.0,0,0,0,0,,0
127,2010,2010-12-26,15,31.241,STL,,SFO,W 25-17,,0,0,,0,0,0,,0,0,,,2,2,100.0,3,3,100.0,0,11,0.0,0,0,0,0,,0
128,2010,2011-01-02,16,31.248,STL,@,SEA,L 6-16,,0,0,,0,0,0,,0,0,,,,,,2,2,100.0,0,6,0.0,0,0,0,0,,0
129,2011,2011-09-11,1,32.135,STL,,PHI,L 13-31,,0,0,,0,0,0,,0,0,,,1,1,100.0,2,3,66.7,0,7,0.0,0,0,0,0,,0
130,2011,2011-09-19,2,32.143,STL,@,NYG,L 16-28,,0,0,,0,0,0,,0,0,,,1,1,100.0,3,3,100.0,0,10,0.0,0,0,0,0,,0
131,2011,2011-09-25,3,32.149,STL,,BAL,L 7-37,,0,0,,0,0,0,,0,0,,,1,1,100.0,,,,0,1,0.0,0,0,0,0,,0
132,2011,2011-10-02,4,32.156,STL,,WAS,L 10-17,,0,0,,0,0,0,,0,0,,,1,1,100.0,1,1,100.0,0,4,0.0,0,0,0,0,,0
133,2011,2011-10-16,5,32.170,STL,@,GNB,L 3-24,,0,0,,0,0,0,,0,0,,,,,,1,2,50.0,0,3,0.0,0,0,0,0,,0
134,2011,2011-10-23,6,32.177,STL,@,DAL,L 7-34,,0,0,,0,0,0,,0,0,,,1,1,100.0,,,,0,1,0.0,0,0,0,0,,0
135,2011,2011-10-30,7,32.184,STL,,NOR,W 31-21,,0,0,,0,0,0,,0,0,,,4,4,100.0,1,1,100.0,0,7,0.0,0,0,0,0,,0
136,2011,2011-11-06,8,32.191,STL,@,ARI,L 13-19,,0,0,,0,0,0,,0,0,,,,,,3,4,75.0,0,9,0.0,0,0,0,0,,0
137,2011,2011-11-13,9,32.198,STL,@,CLE,W 13-12,,0,0,,0,0,0,,0,0,,,1,1,100.0,2,2,100.0,0,7,0.0,0,0,0,0,,0
138,2011,2011-11-20,10,32.205,STL,,SEA,L 7-24,,0,0,,0,0,0,,0,0,,,1,1,100.0,,,,0,1,0.0,0,0,0,0,,0
139,2011,2011-11-27,11,32.212,STL,,ARI,L 20-23,,0,0,,0,0,0,,0,0,,,2,2,100.0,2,3,66.7,0,8,0.0,0,0,0,0,,0
140,2011,2011-12-04,12,32.219,STL,@,SFO,L 0-26,,,,,,,,,,,,,,,,,,,,,,,,,,,
141,2011,2011-12-12,13,32.227,STL,@,SEA,L 13-30,,0,0,,0,0,0,,0,0,,,1,1,100.0,2,2,100.0,0,7,0.0,0,0,0,0,,0
142,2011,2011-12-18,14,32.233,STL,,CIN,L 13-20,,0,0,,0,0,0,,0,0,,,1,1,100.0,2,3,66.7,0,7,0.0,0,0,0,0,,0
143,2011,2011-12-24,15,32.239,STL,@,PIT,L 0-27,,0,0,,0,0,0,,0,0,,,,,,,2,0.0,0,0,0.0,0,0,0,0,,0
144,2011,2012-01-01,16,32.247,STL,,SFO,L 27-34,,0,0,,0,0,0,,0,0,,,3,3,100.0,2,2,100.0,0,9,0.0,0,0,0,0,,0
145,2012,2012-12-09,13,33.224,CIN,,DAL,L 19-20,,0,0,,0,0,0,,0,0,,,1,1,100.0,4,4,100.0,0,13,0.0,0,0,0,0,,0
146,2012,2012-12-13,14,33.228,CIN,@,PHI,W 34-13,,0,0,,0,0,0,,0,0,,,4,4,100.0,2,2,100.0,0,10,0.0,0,0,0,0,,0
147,2012,2012-12-23,15,33.238,CIN,@,PIT,W 13-10,,0,0,,0,0,0,,0,0,,,1,1,100.0,2,3,66.7,0,7,0.0,0,0,0,0,,0
148,2012,2012-12-30,16,33.245,CIN,,BAL,W 23-17,,0,0,,0,0,0,,0,0,,,2,2,100.0,3,3,100.0,0,11,0.0,0,0,0,0,,0
149,2013,2013-09-08,1,34.132,NYG,@,DAL,L 31-36,,0,0,,0,0,0,,0,0,,,4,4,100.0,1,1,100.0,0,7,0.0,0,0,0,0,,0
150,2013,2013-09-15,2,34.139,NYG,,DEN,L 23-41,,0,0,,0,0,0,,0,0,,,2,2,100.0,3,3,100.0,0,11,0.0,0,0,0,0,,0
151,2013,2013-09-22,3,34.146,NYG,@,CAR,L 0-38,,0,0,,0,0,0,,0,0,,,,,,,1,0.0,0,0,0.0,0,0,0,0,,0
152,2013,2013-09-29,4,34.153,NYG,@,KAN,L 7-31,,0,0,,0,0,0,,0,0,,,1,1,100.0,,1,0.0,0,1,0.0,0,0,0,0,,0
153,2013,2013-10-06,5,34.160,NYG,,PHI,L 21-36,,0,0,,0,0,0,,0,0,,,3,3,100.0,,,,0,3,0.0,0,0,0,0,,0
154,2013,2013-10-10,6,34.164,NYG,@,CHI,L 21-27,,0,0,,0,0,0,,0,0,,,3,3,100.0,,,,0,3,0.0,0,0,0,0,,0
155,2013,2013-10-21,7,34.175,NYG,,MIN,W 23-7,,0,0,,0,0,0,,0,0,,,2,2,100.0,3,3,100.0,0,11,0.0,0,0,0,0,,0
156,2013,2013-10-27,8,34.181,NYG,@,PHI,W 15-7,,0,0,,0,0,0,,0,0,,,,,,5,5,100.0,0,15,0.0,0,0,0,0,,0
157,2013,2013-11-10,9,34.195,NYG,,OAK,W 24-20,,0,0,,0,0,0,,0,0,,,3,3,100.0,1,1,100.0,0,6,0.0,0,0,0,0,,0
158,2013,2013-11-17,10,34.202,NYG,,GNB,W 27-13,,0,0,,0,0,0,,0,0,,,3,3,100.0,2,2,100.0,0,9,0.0,0,0,0,0,,0
159,2013,2013-11-24,11,34.209,NYG,,DAL,L 21-24,,0,0,,0,0,0,,0,0,,,1,1,100.0,2,2,100.0,0,7,0.0,0,0,0,0,,0
160,2013,2013-12-01,12,34.216,NYG,@,WAS,W 24-17,,0,0,,0,0,0,,0,0,,,3,3,100.0,1,1,100.0,0,6,0.0,0,0,0,0,,0
161,2013,2013-12-08,13,34.223,NYG,@,SDG,L 14-37,,0,0,,0,0,0,,0,0,,,2,2,100.0,,,,0,2,0.0,0,0,0,0,,0
162,2013,2013-12-15,14,34.230,NYG,,SEA,L 0-23,,,,,,,,,,,,,,,,,,,,,,,,,,,
163,2013,2013-12-22,15,34.237,NYG,@,DET,W 23-20,,0,0,,0,0,0,,0,0,,,2,2,100.0,3,3,100.0,0,11,0.0,0,0,0,0,,0
164,2013,2013-12-29,16,34.244,NYG,,WAS,W 20-6,,0,0,,0,0,0,,0,0,,,2,2,100.0,2,3,66.7,0,8,0.0,0,0,0,0,,0
165,2014,2014-09-08,1,35.132,NYG,@,DET,L 14-35,,0,0,,0,0,0,,0,0,,,2,2,100.0,,,,0,2,0.0,0,0,0,0,,0
166,2014,2014-09-14,2,35.138,NYG,,ARI,L 14-25,,0,0,,0,0,0,,0,0,,,2,2,100.0,,,,0,2,0.0,1,0,0,0,,0
167,2014,2014-09-21,3,35.145,NYG,,HOU,W 30-17,,0,0,,0,0,0,,0,0,,,3,3,100.0,3,3,100.0,0,12,0.0,0,0,0,0,,0
168,2014,2014-09-25,4,35.149,NYG,@,WAS,W 45-14,,0,0,,0,0,0,,0,0,,,6,6,100.0,1,1,100.0,0,9,0.0,0,0,0,0,,0
169,2014,2014-10-05,5,35.159,NYG,,ATL,W 30-20,,0,0,,0,0,0,,0,0,,,3,3,100.0,3,3,100.0,0,12,0.0,0,0,0,0,,0
170,2014,2014-10-12,6,35.166,NYG,@,PHI,L 0-27,,,,,,,,,,,,,,,,,,,,,,,,,,,
171,2014,2014-10-19,7,35.173,NYG,@,DAL,L 21-31,,0,0,,0,0,0,,0,0,,,3,3,100.0,,,,0,3,0.0,0,0,0,0,,0
172,2014,2014-11-03,8,35.188,NYG,,IND,L 24-40,,0,0,,0,0,0,,0,0,,,3,3,100.0,1,1,100.0,0,6,0.0,1,0,0,0,,0
173,2014,2014-11-09,9,35.194,NYG,@,SEA,L 17-38,,0,0,,0,0,0,,0,0,,,2,2,100.0,1,1,100.0,0,5,0.0,0,0,0,0,,0
174,2014,2014-11-16,10,35.201,NYG,,SFO,L 10-16,,0,0,,0,0,0,,0,0,,,1,1,100.0,1,1,100.0,0,4,0.0,0,0,0,0,,0
175,2014,2014-11-23,11,35.208,NYG,,DAL,L 28-31,,0,0,,0,0,0,,0,0,,,4,4,100.0,,,,0,4,0.0,0,0,0,0,,0
176,2014,2014-11-30,12,35.215,NYG,@,JAX,L 24-25,,0,0,,0,0,0,,0,0,,,3,3,100.0,1,2,50.0,0,6,0.0,0,0,0,0,,0
177,2014,2014-12-07,13,35.222,NYG,@,TEN,W 36-7,,0,0,,0,0,0,,0,0,,,3,3,100.0,5,5,100.0,0,18,0.0,0,0,0,0,,0
178,2014,2014-12-14,14,35.229,NYG,,WAS,W 24-13,,0,0,,0,0,0,,0,0,,,3,3,100.0,1,1,100.0,0,6,0.0,0,0,0,0,,0
179,2014,2014-12-21,15,35.236,NYG,@,STL,W 37-27,,0,0,,0,0,0,,0,0,,,4,4,100.0,3,4,75.0,0,13,0.0,0,0,0,0,,0
180,2014,2014-12-28,16,35.243,NYG,,PHI,L 26-34,,0,0,,0,0,0,,0,0,,,2,2,100.0,4,4,100.0,0,14,0.0,0,0,0,0,,0
181,2015,2015-09-13,1,36.137,NYG,@,DAL,L 26-27,,0,0,,0,0,0,,0,0,,,2,2,100.0,4,4,100.0,0,14,0.0,0,0,0,0,,0
182,2015,2015-09-20,2,36.144,NYG,,ATL,L 20-24,,0,0,,0,0,0,,0,0,,,2,2,100.0,2,2,100.0,0,8,0.0,0,0,0,0,,0
183,2015,2015-09-24,3,36.148,NYG,,WAS,W 32-21,,0,0,,0,0,0,,0,0,,,3,3,100.0,3,3,100.0,0,12,0.0,0,0,0,0,,0
184,2015,2015-10-04,4,36.158,NYG,@,BUF,W 24-10,,0,0,,0,0,0,,0,0,,,1,2,50.0,1,1,100.0,0,4,0.0,0,0,0,0,,0
185,2015,2015-10-11,5,36.165,NYG,,SFO,W 30-27,,0,0,,0,0,0,,0,0,,,3,3,100.0,3,3,100.0,0,12,0.0,0,0,0,0,,0
186,2015,2015-10-19,6,36.173,NYG,@,PHI,L 7-27,,0,0,,0,0,0,,0,0,,,1,1,100.0,,,,0,1,0.0,0,0,0,0,,0
187,2015,2015-10-25,7,36.179,NYG,,DAL,W 27-20,,0,0,,0,0,0,,0,0,,,3,3,100.0,2,2,100.0,0,9,0.0,0,0,0,0,,0
188,2015,2015-11-01,8,36.186,NYG,@,NOR,L 49-52,,0,0,,0,0,0,,0,0,,,7,7,100.0,,,,0,7,0.0,0,0,0,0,,0
189,2015,2015-11-08,9,36.193,NYG,@,TAM,W 32-18,,0,0,,0,0,0,,0,0,,,2,2,100.0,4,4,100.0,0,14,0.0,0,0,0,0,,0
190,2015,2015-11-15,10,36.200,NYG,,NWE,L 26-27,,0,0,,0,0,0,,0,0,,,2,2,100.0,4,4,100.0,0,14,0.0,0,0,0,0,,0
191,2015,2015-11-29,11,36.214,NYG,@,WAS,L 14-20,,0,0,,0,0,0,,0,0,,,2,2,100.0,,,,0,2,0.0,0,0,0,0,,0
192,2015,2015-12-06,12,36.221,NYG,,NYJ,L 20-23,,0,0,,0,0,0,,0,0,,,2,2,100.0,2,3,66.7,0,8,0.0,0,0,0,0,,0
193,2015,2015-12-14,13,36.229,NYG,@,MIA,W 31-24,,0,0,,0,0,0,,0,0,,,4,4,100.0,1,2,50.0,0,7,0.0,0,0,0,0,,0
194,2015,2015-12-20,14,36.235,NYG,,CAR,L 35-38,,0,0,,0,0,0,,0,0,,,5,5,100.0,,,,0,5,0.0,0,0,0,0,,0
195,2015,2015-12-27,15,36.242,NYG,@,MIN,L 17-49,,0,0,,0,0,0,,0,0,,,2,2,100.0,1,1,100.0,0,5,0.0,0,0,0,0,,0
196,2015,2016-01-03,16,36.249,NYG,,PHI,L 30-35,,0,0,,0,0,0,,0,0,,,3,3,100.0,3,3,100.0,0,12,0.0,0,0,0,0,,0
197,2016,2016-09-18,2,37.142,NYG,,NOR,W 16-13,,0,0,,0,0,0,,0,0,,,1,1,100.0,3,4,75.0,0,10,0.0,0,0,0,0,,0
198,2016,2016-09-25,3,37.149,NYG,,WAS,L 27-29,,0,0,,0,0,0,,0,0,,,3,3,100.0,2,2,100.0,0,9,0.0,0,0,0,0,,0
199,2016,2016-10-03,4,37.157,NYG,@,MIN,L 10-24,,0,0,,0,0,0,,0,0,,,1,1,100.0,1,1,100.0,0,4,0.0,0,0,0,0,,0
200,2016,2016-10-09,5,37.163,NYG,@,GNB,L 16-23,,0,0,,0,0,0,,0,0,,,1,1,100.0,3,3,100.0,0,10,0.0,0,0,0,0,,0
201,2016,2016-10-16,6,37.170,NYG,,BAL,W 27-23,,0,0,,0,0,0,,0,0,,,3,3,100.0,2,2,100.0,0,9,0.0,0,0,0,0,,0
